"tag_fw";"primer_fw";"tag_rv";"primer_rv";"plate";"marker";"sample";"sample_type";"habitat";"replicate";"fastq_fw";"fastq_rv"
"tcgatcacgatgt";"TCCACTAATCACAARGATATTGGTAC";"tgtcgatctacagc";"WACTAATCAATTWCCAAATCCTCC";"plate1";"MFZR";"tpos1";"mock";"terrestrial";1;"/home/meglecz/vtam_test/example/fastq/mfzr_1_fw.fastq";"/home/meglecz/vtam_test/example/fastq/mfzr_1_rv.fastq"
"agatcgtactagct";"TCCACTAATCACAARGATATTGGTAC";"tgtcgatctacagc";"WACTAATCAATTWCCAAATCCTCC";"plate1";"MFZR";"tnegtag";"negative";"NA";1;"/home/meglecz/vtam_test/example/fastq/mfzr_1_fw.fastq";"/home/meglecz/vtam_test/example/fastq/mfzr_1_rv.fastq"
"gtcgatcatgtca";"TCCACTAATCACAARGATATTGGTAC";"acatcgacgtacg";"WACTAATCAATTWCCAAATCCTCC";"plate1";"MFZR";"14ben01";"real";"freshwater";1;"/home/meglecz/vtam_test/example/fastq/mfzr_1_fw.fastq";"/home/meglecz/vtam_test/example/fastq/mfzr_1_rv.fastq"
"catcgagtagag";"TCCACTAATCACAARGATATTGGTAC";"acatcgacgtacg";"WACTAATCAATTWCCAAATCCTCC";"plate1";"MFZR";"14ben02";"real";"freshwater";1;"/home/meglecz/vtam_test/example/fastq/mfzr_1_fw.fastq";"/home/meglecz/vtam_test/example/fastq/mfzr_1_rv.fastq"
"tcgatcacgatgt";"TCCACTAATCACAARGATATTGGTAC";"tgtcgatctacagc";"WACTAATCAATTWCCAAATCCTCC";"plate1";"MFZR";"tpos1";"mock";"terrestrial";2;"/home/meglecz/vtam_test/example/fastq/mfzr_2_fw.fastq";"/home/meglecz/vtam_test/example/fastq/mfzr_2_rv.fastq"
"agatcgtactagct";"TCCACTAATCACAARGATATTGGTAC";"tgtcgatctacagc";"WACTAATCAATTWCCAAATCCTCC";"plate1";"MFZR";"tnegtag";"negative";"NA";2;"/home/meglecz/vtam_test/example/fastq/mfzr_2_fw.fastq";"/home/meglecz/vtam_test/example/fastq/mfzr_2_rv.fastq"
"gtcgatcatgtca";"TCCACTAATCACAARGATATTGGTAC";"acatcgacgtacg";"WACTAATCAATTWCCAAATCCTCC";"plate1";"MFZR";"14ben01";"real";"freshwater";2;"/home/meglecz/vtam_test/example/fastq/mfzr_2_fw.fastq";"/home/meglecz/vtam_test/example/fastq/mfzr_2_rv.fastq"
"catcgagtagag";"TCCACTAATCACAARGATATTGGTAC";"acatcgacgtacg";"WACTAATCAATTWCCAAATCCTCC";"plate1";"MFZR";"14ben02";"real";"freshwater";2;"/home/meglecz/vtam_test/example/fastq/mfzr_2_fw.fastq";"/home/meglecz/vtam_test/example/fastq/mfzr_2_rv.fastq"
"tcgatcacgatgt";"TCCACTAATCACAARGATATTGGTAC";"tgtcgatctacagc";"WACTAATCAATTWCCAAATCCTCC";"plate1";"MFZR";"tpos1";"mock";"terrestrial";3;"/home/meglecz/vtam_test/example/fastq/mfzr_3_fw.fastq";"/home/meglecz/vtam_test/example/fastq/mfzr_3_rv.fastq"
"agatcgtactagct";"TCCACTAATCACAARGATATTGGTAC";"tgtcgatctacagc";"WACTAATCAATTWCCAAATCCTCC";"plate1";"MFZR";"tnegtag";"negative";"NA";3;"/home/meglecz/vtam_test/example/fastq/mfzr_3_fw.fastq";"/home/meglecz/vtam_test/example/fastq/mfzr_3_rv.fastq"
"gtcgatcatgtca";"TCCACTAATCACAARGATATTGGTAC";"acatcgacgtacg";"WACTAATCAATTWCCAAATCCTCC";"plate1";"MFZR";"14ben01";"real";"freshwater";3;"/home/meglecz/vtam_test/example/fastq/mfzr_3_fw.fastq";"/home/meglecz/vtam_test/example/fastq/mfzr_3_rv.fastq"
"catcgagtagag";"TCCACTAATCACAARGATATTGGTAC";"acatcgacgtacg";"WACTAATCAATTWCCAAATCCTCC";"plate1";"MFZR";"14ben02";"real";"freshwater";3;"/home/meglecz/vtam_test/example/fastq/mfzr_3_fw.fastq";"/home/meglecz/vtam_test/example/fastq/mfzr_3_rv.fastq"
