"plate";"marker";"sample";"action";"asv";"taxon";"asv_id"
"run1";"MFZR";"Tpos1_prerun";"keep";"ACTATATTTTATTTTTGGGGCTTGATCCGGAATGCTGGGCACCTCTCTAAGCCTTCTAATTCGTGCCGAGCTGGGGCACCCGGGTTCTTTAATTGGCGACGATCAAATTTACAATGTAATCGTCACAGCCCATGCTTTTATTATGATTTTTTTCATGGTTATGCCTATTATAATC";"Caenis pusilla";
"run1";"MFZR";"Tpos1_prerun";"keep";"ACTTTATTTTATTTTTGGTGCTTGATCAGGAATAGTAGGAACTTCTTTAAGAATTCTAATTCGAGCTGAATTAGGTCATGCCGGTTCATTAATTGGAGATGATCAAATTTATAATGTAATTGTAACTGCTCATGCTTTTGTAATAATTTTCTTTATAGTTATACCTATTTTAATT";"Rheocricotopus";
"run1";"MFZR";"Tpos1_prerun";"keep";"CCTTTATCTTGTATTTGGTGCCTGGGCCGGAATGGTAGGGACCGCCCTAAGCCTTCTTATTCGGGCCGAACTAAGCCAGCCTGGCTCGCTATTAGGTGATAGCCAAATTTATAATGTTATTGTTACCGCCCACGCCTTCGTAATAATTTTCTTTATAGTCATGCCAATTCTCATT";"Phoxinus phoxinus";
"run1";"MFZR";"Tpos1_prerun";"keep";"CCTTTATTTTATTTTCGGTATCTGATCAGGTCTCGTAGGATCATCACTTAGATTTATTATTCGAATAGAATTAAGAACTCCTGGTAGATTTATTGGCAACGACCAAATTTATAACGTAATTGTTACATCTCATGCATTTATTATAATTTTTTTTATAGTTATACCAATCATAATT";"Hydropsyche pellucidula";
"run1";"MFZR";"Tpos1_prerun";"keep";"CTTATATTTTATTTTTGGTGCTTGATCAGGGATAGTGGGAACTTCTTTAAGAATTCTTATTCGAGCTGAACTTGGTCATGCGGGATCTTTAATCGGAGACGATCAAATTTACAATGTAATTGTTACTGCACACGCCTTTGTAATAATTTTTTTTATAGTTATACCTATTTTAATT";"Synorthocladius semivirens";
"run1";"MFZR";"Tpos1_prerun";"keep";"TCTATATTTCATTTTTGGTGCTTGGGCAGGTATGGTAGGTACCTCATTAAGACTTTTAATTCGAGCCGAGTTGGGTAACCCGGGTTCATTAATTGGGGACGATCAAATTTATAACGTAATCGTAACTGCTCATGCCTTTATTATGATTTTTTTTATAGTGATACCTATTATAATT";"Baetis rhodani";
"run1";"MFZR";"Tpos1_prerun";"tolerate";"ACTCTATTTAATATTTGCTGCATTTTCAGGGGTTATAGGAACAATATTTTCTATAATTATAAGAATGGAACTTGCTTATCCAGGTGATCAAATATTGAATGGTAATCACCAACTTTATAATGTTATTGTAACTGCTCATGCATTTGTAATGATTTTTTTTATGGTTATGCCTGCCTTGATT";;
"run1";"MFZR";"Tpos1_prerun";"keep";"ATAGGAACAATATTTTCTATAATTATAAGAATGGAACTTGCTTATCCAGGTGATCAAATATTGAATGGTAATCACCAACTTTATAATGTTATTGTAACTGCTCATGCATTTGTAATGATTTTTTT";"dummy sequence";
"run1";"MFZR";"Tpos2_prerun";"keep";"ACTATATTTTATTTTTGGGGCTTGATCCGGAATGCTGGGCACCTCTCTAAGCCTTCTAATTCGTGCCGAGCTGGGGCACCCGGGTTCTTTAATTGGCGACGATCAAATTTACAATGTAATCGTCACAGCCCATGCTTTTATTATGATTTTTTTCATGGTTATGCCTATTATAATC";"Caenis pusilla";
"run1";"MFZR";"Tpos2_prerun";"keep";"ACTTTATTTTATTTTTGGTGCTTGATCAGGAATAGTAGGAACTTCTTTAAGAATTCTAATTCGAGCTGAATTAGGTCATGCCGGTTCATTAATTGGAGATGATCAAATTTATAATGTAATTGTAACTGCTCATGCTTTTGTAATAATTTTCTTTATAGTTATACCTATTTTAATT";"Rheocricotopus";
"run1";"MFZR";"Tpos2_prerun";"keep";"CCTTTATCTTGTATTTGGTGCCTGGGCCGGAATGGTAGGGACCGCCCTAAGCCTTCTTATTCGGGCCGAACTAAGCCAGCCTGGCTCGCTATTAGGTGATAGCCAAATTTATAATGTTATTGTTACCGCCCACGCCTTCGTAATAATTTTCTTTATAGTCATGCCAATTCTCATT";"Phoxinus phoxinus";
"run1";"MFZR";"Tpos2_prerun";"keep";"CCTTTATTTTATTTTCGGTATCTGATCAGGTCTCGTAGGATCATCACTTAGATTTATTATTCGAATAGAATTAAGAACTCCTGGTAGATTTATTGGCAACGACCAAATTTATAACGTAATTGTTACATCTCATGCATTTATTATAATTTTTTTTATAGTTATACCAATCATAATT";"Hydropsyche pellucidula";
"run1";"MFZR";"Tpos2_prerun";"keep";"CTTATATTTTATTTTTGGTGCTTGATCAGGGATAGTGGGAACTTCTTTAAGAATTCTTATTCGAGCTGAACTTGGTCATGCGGGATCTTTAATCGGAGACGATCAAATTTACAATGTAATTGTTACTGCACACGCCTTTGTAATAATTTTTTTTATAGTTATACCTATTTTAATT";"Synorthocladius semivirens";
"run1";"MFZR";"Tpos2_prerun";"keep";"TCTATATTTCATTTTTGGTGCTTGGGCAGGTATGGTAGGTACCTCATTAAGACTTTTAATTCGAGCCGAGTTGGGTAACCCGGGTTCATTAATTGGGGACGATCAAATTTATAACGTAATCGTAACTGCTCATGCCTTTATTATGATTTTTTTTATAGTGATACCTATTATAATT";"Baetis rhodani";
"run1";"MFZR";"Tpos2_prerun";"tolerate";"ACTCTATTTAATATTTGCTGCATTTTCAGGGGTTATAGGAACAATATTTTCTATAATTATAAGAATGGAACTTGCTTATCCAGGTGATCAAATATTGAATGGTAATCACCAACTTTATAATGTTATTGTAACTGCTCATGCATTTGTAATGATTTTTTTTATGGTTATGCCTGCCTTGATT";;
"run1";"MFZR";"Tpos2_prerun";"keep";"ATAGGAACAATATTTTCTATAATTATAAGAATGGAACTTGCTTATCCAGGTGATCAAATATTGAATGGTAATCACCAACTTTATAATGTTATTGTAACTGCTCATGCATTTGTAATGATTTTTTT";"dummy sequence";
