"sample","replicate","action","asv_id","read_count","read_count_sample_replicate","lfn_sample_replicate_cutoff","asv","taxon"
"tpos1",3,"keep",1,118,23972,0.0049,"ACTATATTTTATTTTTGGGGCTTGATCCGGAATGCTGGGCACCTCTCTAAGCCTTCTAATTCGTGCCGAGCTGGGGCACCCGGGTTCTTTAATTGGCGACGATCAAATTTACAATGTAATCGTCACAGCCCATGCTTTTATTATGATTTTTTTCATGGTTATGCCTATTATAATC","Caenis pusilla"
"tpos1",1,"keep",3,189,21939,0.0086,"CCTTTATCTTGTATTTGGTGCCTGGGCCGGAATGGTAGGGACCGCCCTAAGCCTTCTTATTCGGGCCGAACTAAGCCAGCCTGGCTCGCTATTAGGTGATAGCCAAATTTATAATGTTATTGTTACCGCCCACGCCTTCGTAATAATTTTCTTTATAGTCATGCCAATTCTCATT","Phoxinus phoxinus"
"tpos1",2,"keep",3,244,27584,0.0088,"CCTTTATCTTGTATTTGGTGCCTGGGCCGGAATGGTAGGGACCGCCCTAAGCCTTCTTATTCGGGCCGAACTAAGCCAGCCTGGCTCGCTATTAGGTGATAGCCAAATTTATAATGTTATTGTTACCGCCCACGCCTTCGTAATAATTTTCTTTATAGTCATGCCAATTCTCATT","Phoxinus phoxinus"
"tpos1",2,"keep",1,252,27584,0.0091,"ACTATATTTTATTTTTGGGGCTTGATCCGGAATGCTGGGCACCTCTCTAAGCCTTCTAATTCGTGCCGAGCTGGGGCACCCGGGTTCTTTAATTGGCGACGATCAAATTTACAATGTAATCGTCACAGCCCATGCTTTTATTATGATTTTTTTCATGGTTATGCCTATTATAATC","Caenis pusilla"
"tpos1",3,"keep",3,228,23972,0.0095,"CCTTTATCTTGTATTTGGTGCCTGGGCCGGAATGGTAGGGACCGCCCTAAGCCTTCTTATTCGGGCCGAACTAAGCCAGCCTGGCTCGCTATTAGGTGATAGCCAAATTTATAATGTTATTGTTACCGCCCACGCCTTCGTAATAATTTTCTTTATAGTCATGCCAATTCTCATT","Phoxinus phoxinus"
"tpos1",2,"keep",5,331,27584,0.0119,"CTTATATTTTATTTTTGGTGCTTGATCAGGGATAGTGGGAACTTCTTTAAGAATTCTTATTCGAGCTGAACTTGGTCATGCGGGATCTTTAATCGGAGACGATCAAATTTACAATGTAATTGTTACTGCACACGCCTTTGTAATAATTTTTTTTATAGTTATACCTATTTTAATT","Synorthocladius semivirens"
"tpos1",3,"keep",5,356,23972,0.0148,"CTTATATTTTATTTTTGGTGCTTGATCAGGGATAGTGGGAACTTCTTTAAGAATTCTTATTCGAGCTGAACTTGGTCATGCGGGATCTTTAATCGGAGACGATCAAATTTACAATGTAATTGTTACTGCACACGCCTTTGTAATAATTTTTTTTATAGTTATACCTATTTTAATT","Synorthocladius semivirens"
"tpos1",1,"keep",5,335,21939,0.0152,"CTTATATTTTATTTTTGGTGCTTGATCAGGGATAGTGGGAACTTCTTTAAGAATTCTTATTCGAGCTGAACTTGGTCATGCGGGATCTTTAATCGGAGACGATCAAATTTACAATGTAATTGTTACTGCACACGCCTTTGTAATAATTTTTTTTATAGTTATACCTATTTTAATT","Synorthocladius semivirens"
"tpos1",1,"keep",1,522,21939,0.0237,"ACTATATTTTATTTTTGGGGCTTGATCCGGAATGCTGGGCACCTCTCTAAGCCTTCTAATTCGTGCCGAGCTGGGGCACCCGGGTTCTTTAATTGGCGACGATCAAATTTACAATGTAATCGTCACAGCCCATGCTTTTATTATGATTTTTTTCATGGTTATGCCTATTATAATC","Caenis pusilla"
"tpos1",3,"keep",2,763,23972,0.0318,"ACTTTATTTTATTTTTGGTGCTTGATCAGGAATAGTAGGAACTTCTTTAAGAATTCTAATTCGAGCTGAATTAGGTCATGCCGGTTCATTAATTGGAGATGATCAAATTTATAATGTAATTGTAACTGCTCATGCTTTTGTAATAATTTTCTTTATAGTTATACCTATTTTAATT","Rheocricotopus"
"tpos1",2,"keep",2,1945,27584,0.0705,"ACTTTATTTTATTTTTGGTGCTTGATCAGGAATAGTAGGAACTTCTTTAAGAATTCTAATTCGAGCTGAATTAGGTCATGCCGGTTCATTAATTGGAGATGATCAAATTTATAATGTAATTGTAACTGCTCATGCTTTTGTAATAATTTTCTTTATAGTTATACCTATTTTAATT","Rheocricotopus"
"tpos1",1,"keep",2,2139,21939,0.0974,"ACTTTATTTTATTTTTGGTGCTTGATCAGGAATAGTAGGAACTTCTTTAAGAATTCTAATTCGAGCTGAATTAGGTCATGCCGGTTCATTAATTGGAGATGATCAAATTTATAATGTAATTGTAACTGCTCATGCTTTTGTAATAATTTTCTTTATAGTTATACCTATTTTAATT","Rheocricotopus"
"tpos1",2,"keep",6,4732,27584,0.1715,"TCTATATTTCATTTTTGGTGCTTGGGCAGGTATGGTAGGTACCTCATTAAGACTTTTAATTCGAGCCGAGTTGGGTAACCCGGGTTCATTAATTGGGGACGATCAAATTTATAACGTAATCGTAACTGCTCATGCCTTTATTATGATTTTTTTTATAGTGATACCTATTATAATT","Baetis rhodani"
"tpos1",1,"keep",6,3769,21939,0.1717,"TCTATATTTCATTTTTGGTGCTTGGGCAGGTATGGTAGGTACCTCATTAAGACTTTTAATTCGAGCCGAGTTGGGTAACCCGGGTTCATTAATTGGGGACGATCAAATTTATAACGTAATCGTAACTGCTCATGCCTTTATTATGATTTTTTTTATAGTGATACCTATTATAATT","Baetis rhodani"
"tpos1",3,"keep",6,4464,23972,0.1862,"TCTATATTTCATTTTTGGTGCTTGGGCAGGTATGGTAGGTACCTCATTAAGACTTTTAATTCGAGCCGAGTTGGGTAACCCGGGTTCATTAATTGGGGACGATCAAATTTATAACGTAATCGTAACTGCTCATGCCTTTATTATGATTTTTTTTATAGTGATACCTATTATAATT","Baetis rhodani"
"tpos1",1,"keep",4,13704,21939,0.6246,"CCTTTATTTTATTTTCGGTATCTGATCAGGTCTCGTAGGATCATCACTTAGATTTATTATTCGAATAGAATTAAGAACTCCTGGTAGATTTATTGGCAACGACCAAATTTATAACGTAATTGTTACATCTCATGCATTTATTATAATTTTTTTTATAGTTATACCAATCATAATT","Hydropsyche pellucidula"
"tpos1",2,"keep",4,18245,27584,0.6614,"CCTTTATTTTATTTTCGGTATCTGATCAGGTCTCGTAGGATCATCACTTAGATTTATTATTCGAATAGAATTAAGAACTCCTGGTAGATTTATTGGCAACGACCAAATTTATAACGTAATTGTTACATCTCATGCATTTATTATAATTTTTTTTATAGTTATACCAATCATAATT","Hydropsyche pellucidula"
"tpos1",3,"keep",4,17095,23972,0.7131,"CCTTTATTTTATTTTCGGTATCTGATCAGGTCTCGTAGGATCATCACTTAGATTTATTATTCGAATAGAATTAAGAACTCCTGGTAGATTTATTGGCAACGACCAAATTTATAACGTAATTGTTACATCTCATGCATTTATTATAATTTTTTTTATAGTTATACCAATCATAATT","Hydropsyche pellucidula"
