"asv","asv_id","sample","replicate","read_count"
"AATGTATCTAATATTTGCAATATTTGCAGGCATTGTTGGTGGACTAATGTCAGTGATACTCAGGCTAGAACTCGCACAACCTGGTAACCAGTTTTTAGGCGGCGATCATCAATTTTATAATGTTATGCTCACTGCTCACGCACTTGTCATGGTATTTTTTATGATTATGCCTGGGCTTTTC",7451,"tpos1",3,22
"AATGTATCTAATCTTTGGAGGTTTTTCTGGTATTATTGGAACAGCTTTATCTATTTTAATCAGAATAGAATTATCGCAACCAGGAAACCAAATTTTAATGGGAAACCATCAATTATATAATGTAATTGTAACTTCTCACGCTTTTATTATGATTTTTTTTATGGTAATGCCAATTTTATTA",7,"tpos1",1,6
"ACTATACCTGATGTTTGCCTTATTCGCAGGTTTAGTAGGTACAGCATTTTCTGTACTTATTAGAATGGAATTAAGTGCACCAGGAGTTCAATACATCAGTGATAACCAGTTATATAATAGTATTATAACAGCTCACGCTATTGTTATGATATTCTTTATGGTTATGCCTGCCATGATT",10,"tpos1",1,1
"ACTATACCTGATGTTTGCCTTATTCGCAGGTTTAGTAGGTACAGCATTTTCTGTACTTATTAGAATGGAATTAAGTGCACCAGGAGTTCAATACATCAGTGATAACCAGTTATATAATAGTATTATAACAGCTCACGCTATTGTTATGATATTCTTTATGGTTATGCCTGCCATGATT",10,"tpos1",3,3
"ACTATACCTTATCTTCGCAGTATTCTCAGGAATGCTAGGAACTGCTTTTAGTGTTCTTATTCGAATGGAACTAACATCTCCAGGTGTACAATACCTACAGGGAAACCACCAACTTTACAATGTAATCATTACAGCTCACGCATTCCTAATGATCTTTTTCATGGTTATGCCAGGACTTGTT",27,"tpos1",1,178
"ACTATACCTTATCTTCGCAGTATTCTCAGGAATGCTAGGAACTGCTTTTAGTGTTCTTATTCGAATGGAACTAACATCTCCAGGTGTACAATACCTACAGGGAAACCACCAACTTTACAATGTAATCATTACAGCTCACGCATTCCTAATGATCTTTTTCATGGTTATGCCAGGACTTGTT",27,"tpos1",2,349
"ACTATACCTTATCTTCGCAGTATTCTCAGGAATGCTAGGAACTGCTTTTAGTGTTCTTATTCGAATGGAACTAACATCTCCAGGTGTACAATACCTACAGGGAAACCACCAACTTTACAATGTAATCATTACAGCTCACGCATTCCTAATGATCTTTTTCATGGTTATGCCAGGACTTGTT",27,"tpos1",3,117
"ACTATACCTTATCTTCGCAGTATTCTCAGGAATGCTAGGAACTGCTTTTAGTGTTCTTATTCGAATGGAACTAACATCTCCAGGTGTACAATACCTACAGGGAAACCACCAACTTTACAATGTAATCATTATAGCTCACGCATTCCTAATGACCTTTTTCATGGTTATGCCAGGACTTGTT",4440,"tpos1",2,5
"ACTATACTTAATCTTTGCATTATTTTCTGGATTATTAGGTACAGCGTTTTCTGTTCTTATAAGATTAGAATTAAGTGGGCCAGGTGTTCAATATATAGCGGACAATCAACTATACAACAGTGTTATTACAGCACACGCTATCTTAATGATATTCTTTATGGTTATGCCTGCAATGATA",7478,"tpos1",3,10
"ACTATATTTTATTTTTGGGGCATGGTCAGGAATAGTTGGTACTTCCCTTAGTATCCTAATTCGAGCTGAACTAGGACATGCCGGCTCCCTAATTGGAGACGATCAAATTTATAATGTAATCGTTACTGCTCATGCTTTTGTAATAATTTTTTTTATAGTTATACCTATTTTAATT",7483,"tpos1",2,8
"ACTATATTTTATTTTTGGGGCATGGTCAGGAATAGTTGGTACTTCCCTTAGTATCCTAATTCGAGCTGAACTAGGACATGCCGGCTCCCTAATTGGAGACGATCAAATTTATAATGTAATCGTTACTGCTCATGCTTTTGTAATAATTTTTTTTATAGTTATACCTATTTTAATT",7483,"tpos1",3,3
"ACTATATTTTATTTTTGGGGCTTGATCCGGAATGCTGGGCACCTCTCTAAGCCTTCTAATTCGTGCCGAGCTGGGGCACCCGGGTTCTTTAATTGGCGACGATCAAATTTACAATGTAATCGTCACAGCCCATGCTTTTATTATGATTTTTTTCATGGTTATGCCTATTATAATC",120,"tpos1",1,522
"ACTATATTTTATTTTTGGGGCTTGATCCGGAATGCTGGGCACCTCTCTAAGCCTTCTAATTCGTGCCGAGCTGGGGCACCCGGGTTCTTTAATTGGCGACGATCAAATTTACAATGTAATCGTCACAGCCCATGCTTTTATTATGATTTTTTTCATGGTTATGCCTATTATAATC",120,"tpos1",2,252
"ACTATATTTTATTTTTGGGGCTTGATCCGGAATGCTGGGCACCTCTCTAAGCCTTCTAATTCGTGCCGAGCTGGGGCACCCGGGTTCTTTAATTGGCGACGATCAAATTTACAATGTAATCGTCACAGCCCATGCTTTTATTATGATTTTTTTCATGGTTATGCCTATTATAATC",120,"tpos1",3,118
"ACTCTATTTAATATTTGCTGCATTTTCAGGGGTTATAGGAACAATATTTTCTATAATTATAAGAATGGAACTTGCTTATCCAGGTGATCAAATATTGAATGGTAATCACCAACTTTATAATGTTATTGTAACTGCTCATGCATTTGTAATGATTTTTTTTATGGTTATGCCTGCCTTGATT",172,"tpos1",1,39
"ACTCTATTTAATATTTGCTGCATTTTCAGGGGTTATAGGAACAATATTTTCTATAATTATAAGAATGGAACTTGCTTATCCAGGTGATCAAATATTGAATGGTAATCACCAACTTTATAATGTTATTGTAACTGCTCATGCATTTGTAATGATTTTTTTTATGGTTATGCCTGCCTTGATT",172,"tpos1",2,136
"ACTGTATTTAATATTTGGTGGCTTTTCGGGTATTATAGGTACTATATTCTCTATGATTATAAGATTAGAATTGGCTGCGCCCGGCTCTCAAATATTAGGTGGTAATAGCCAACTTTATAATGTAATTATTACTGCGCATGCTTTTGTTATGATTTTCTTTTTTGTTATGCCTGTTATGATA",182,"tpos1",1,4
"ACTTTATTTCATTTTCGGAACATTTGCAGGAGTTGTAGGAACTTTACTTTCATTATTTATTCGACTAGAATTAGCTTATCCAGGAAATCAATTTTTTTTAGGAAATCACCAACTTTATAATGTGGTTGTGACAGCACATGCTTTTATCATGATTTTTTTCATGGTTATGCCGATTTTAATC",213,"tpos1",1,91
"ACTTTATTTCATTTTCGGAACATTTGCAGGAGTTGTAGGAACTTTACTTTCATTATTTATTCGACTAGAATTAGCTTATCCAGGAAATCAATTTTTTTTAGGAAATCACCAACTTTATAATGTGGTTGTGACAGCACATGCTTTTATCATGATTTTTTTCATGGTTATGCCGATTTTAATC",213,"tpos1",2,107
"ACTTTATTTCATTTTCGGAACATTTGCAGGAGTTGTAGGAACTTTACTTTCATTATTTATTCGACTAGAATTAGCTTATCCAGGAAATCAATTTTTTTTAGGAAATCACCAACTTTATAATGTGGTTGTGACAGCACATGCTTTTATCATGATTTTTTTCATGGTTATGCCGATTTTAATC",213,"tpos1",3,56
"ACTTTATTTCATTTTCGGAACATTTGCAGGAGTTGTAGGAACTTTACTTTCATTATTTATTCGTCTTGAATTAGCTTATCCAGGAAATCAATTTTTTTTAGGAAATCACCAACTTTATAATGTGGTTGTGACAGCACATGCTTTTATCATGATTTTTTTCATGGTTATGCCGATTTTAATC",221,"tpos1",1,78
"ACTTTATTTCATTTTCGGAACATTTGCAGGAGTTGTAGGAACTTTACTTTCATTATTTATTCGTCTTGAATTAGCTTATCCAGGAAATCAATTTTTTTTAGGAAATCACCAACTTTATAATGTGGTTGTGACAGCACATGCTTTTATCATGATTTTTTTCATGGTTATGCCGATTTTAATC",221,"tpos1",2,173
"ACTTTATTTCATTTTCGGAACATTTGCAGGAGTTGTAGGAACTTTACTTTCATTATTTATTCGTCTTGAATTAGCTTATCCAGGAAATCAATTTTTTTTAGGAAATCACCAACTTTATAATGTGGTTGTGACAGCACATGCTTTTATCATGATTTTTTTCATGGTTATGCCGATTTTAATC",221,"tpos1",3,158
"ACTTTATTTTATTTTCGGAGCGTGGTCGGGGATGGTAGGCACATCTCTGAGTCTTTTAATTCGAGCCGAATTGGGTAATCCTGGTTCACTAATTGGGGATGACCAGATTTACAACGTTATTGTAACAGCCCATGCTTTTATTATGATTTTTTTTATAGTAATGCCAATTATGATT",251,"tpos1",1,24
"ACTTTATTTTATTTTCGGAGCGTGGTCGGGGATGGTAGGCACATCTCTGAGTCTTTTAATTCGAGCCGAATTGGGTAATCCTGGTTCACTAATTGGGGATGACCAGATTTACAACGTTATTGTAACAGCCCATGCTTTTATTATGATTTTTTTTATAGTAATGCCAATTATGATT",251,"tpos1",2,24
"ACTTTATTTTATTTTTGGTGCTTGATCAGGAATAGTAGGAACTTCTTTAAGAATTCTAATTCGAGCTGAATTAGGTCATGCCGGTTCATTAATTGGAGATGATCAAATTTATAATGTAATTGTAACTGCTCATGCTTTTATTATAATTTTTTTTATAGTTATACCAATCATAATT",392,"tpos1",1,4
"ACTTTATTTTATTTTTGGTGCTTGATCAGGAATAGTAGGAACTTCTTTAAGAATTCTAATTCGAGCTGAATTAGGTCATGCCGGTTCATTAATTGGAGATGATCAAATTTATAATGTAATTGTAACTGCTCATGCTTTTATTATAATTTTTTTTATAGTTATACCAATCATAATT",392,"tpos1",2,9
"ACTTTATTTTATTTTTGGTGCTTGATCAGGAATAGTAGGAACTTCTTTAAGAATTCTAATTCGAGCTGAATTAGGTCATGCCGGTTCATTAATTGGAGATGATCAAATTTATAATGTAATTGTAACTGCTCATGCTTTTGTAATAATTTTCTTTATAGTTATACCAATCATAATT",416,"tpos1",1,28
"ACTTTATTTTATTTTTGGTGCTTGATCAGGAATAGTAGGAACTTCTTTAAGAATTCTAATTCGAGCTGAATTAGGTCATGCCGGTTCATTAATTGGAGATGATCAAATTTATAATGTAATTGTAACTGCTCATGCTTTTGTAATAATTTTCTTTATAGTTATACCAATCATAATT",416,"tpos1",2,15
"ACTTTATTTTATTTTTGGTGCTTGATCAGGAATAGTAGGAACTTCTTTAAGAATTCTAATTCGAGCTGAATTAGGTCATGCCGGTTCATTAATTGGAGATGATCAAATTTATAATGTAATTGTAACTGCTCATGCTTTTGTAATAATTTTCTTTATAGTTATACCAATCATAATT",416,"tpos1",3,3
"ACTTTATTTTATTTTTGGTGCTTGATCAGGAATAGTAGGAACTTCTTTAAGAATTCTAATTCGAGCTGAATTAGGTCATGCCGGTTCATTAATTGGAGATGATCAAATTTATAATGTAATTGTAACTGCTCATGCTTTTGTAATAATTTTCTTTATAGTTATACCTATTTTAATT",429,"tpos1",1,2139
"ACTTTATTTTATTTTTGGTGCTTGATCAGGAATAGTAGGAACTTCTTTAAGAATTCTAATTCGAGCTGAATTAGGTCATGCCGGTTCATTAATTGGAGATGATCAAATTTATAATGTAATTGTAACTGCTCATGCTTTTGTAATAATTTTCTTTATAGTTATACCTATTTTAATT",429,"tpos1",2,1945
"ACTTTATTTTATTTTTGGTGCTTGATCAGGAATAGTAGGAACTTCTTTAAGAATTCTAATTCGAGCTGAATTAGGTCATGCCGGTTCATTAATTGGAGATGATCAAATTTATAATGTAATTGTAACTGCTCATGCTTTTGTAATAATTTTCTTTATAGTTATACCTATTTTAATT",429,"tpos1",3,763
"ACTTTATTTTATTTTTGGTGCTTGGGCAGGTATGGTAGGTACCTCATTAAGACTTTTAATTCGAGCCGAGTTGGGTAACCCGGGTTCATTAATTGGGGACGATCAAATTTATAACGTAATCGTAACTGCTCATGCCTTTATTATGATTTTTTTTATAGTGATACCTATTATAATT",534,"tpos1",1,2
"ACTTTATTTTATTTTTGGTGCTTGGGCAGGTATGGTAGGTACCTCATTAAGACTTTTAATTCGAGCCGAGTTGGGTAACCCGGGTTCATTAATTGGGGACGATCAAATTTATAACGTAATCGTAACTGCTCATGCCTTTATTATGATTTTTTTTATAGTGATACCTATTATAATT",534,"tpos1",2,2
"ACTTTATTTTATTTTTGGTGCTTGGGCAGGTATGGTAGGTACCTCATTAAGACTTTTAATTCGAGCCGAGTTGGGTAACCCGGGTTCATTAATTGGGGACGATCAAATTTATAACGTAATCGTAACTGCTCATGCCTTTATTATGATTTTTTTTATAGTGATACCTATTATAATT",534,"tpos1",3,6
"ATTATACCTTATATTTTCTCTGTTTTCGGGTTTACTTGGAACCGCTTTTTCAGTTTTAATAAGACTTGAATTATCTGGACCTGGTGTTCAGTACATAGCAGATAACCAATTATACAATAGTATAATTACAGCACACGCGATACTTATGATTTTCTTTATGGTTATGCCAGCAATGATT",4790,"tpos1",2,9
"ATTATACCTTATCTTTTCTCTTTTCTCAGGTTTACTTGGAACAGCATTTTCAGTTTTAATAAGACTTGAATTATCTGGACCTGGTGTTCAGTACATAGCAGACAATCAGTTATACAATAGTATTATTACAGCACACGCAATATTAATGATTTTCTTTATGGTTATGCCAGCAATGATT",560,"tpos1",1,99
"ATTATACCTTATCTTTTCTCTTTTCTCAGGTTTACTTGGAACAGCATTTTCAGTTTTAATAAGACTTGAATTATCTGGACCTGGTGTTCAGTACATAGCAGACAATCAGTTATACAATAGTATTATTACAGCACACGCAATATTAATGATTTTCTTTATGGTTATGCCAGCAATGATT",560,"tpos1",2,30
"ATTATACCTTATCTTTTCTCTTTTCTCAGGTTTACTTGGAACAGCATTTTCAGTTTTAATAAGACTTGAATTATCTGGACCTGGTGTTCAGTACATAGCAGACAATCAGTTATACAATAGTATTATTACAGCACACGCAATATTAATGATTTTCTTTATGGTTATGCCAGCAATGATT",560,"tpos1",3,18
"ATTATATCTTATATTTGCAGCCTTCTCTGGTATAATAGGAACTATTTTTTCTATTATTATAAGAATGGAATTAGCATTTCCAGGAGATCAAGTTTTGGGCGGTAATCATCAACTTTATAATGTTATTGTCACTGCACACGCTTTTTTAATGATATTTTTTATGGTTATGCCCGCTCTTATT",569,"tpos1",1,3
"ATTATATTTAATATTTGGGGGTATCTCAGGTGTAGCAGGGACTGTATTATCCTTATACATACGAATAACACTATCGCACCCAGAAGGAAATTTTTTAGAACACAATCACCACTTATACAATGTTATTGTAACAGGTCATGCTTTTGTTATGATTTTTTTTATGGTAATGCCTGTTCTTATC",4796,"tpos1",2,3
"ATTATATTTTATTTTTGGGGCCTGAGCAGGAATAGTAGGTACTTCCCTTAGTATACTTATTCGAGCTGAATTAGGACACCCAGGATCTTTAATTGGTGATGACCAAATTTATAATGTAATTGTTACAGCTCATGCTTTCGTAATAATTTTTTTTATAGTTATACCAATTATAATT",572,"tpos1",1,4
"ATTATATTTTATTTTTGGGGCCTGAGCAGGAATAGTAGGTACTTCCCTTAGTATACTTATTCGAGCTGAATTAGGACACCCAGGATCTTTAATTGGTGATGACCAAATTTATAATGTAATTGTTACAGCTCATGCTTTCGTAATAATTTTTTTTATAGTTATACCAATTATAATT",572,"tpos1",2,1
"ATTATATTTTCTTTTCGGTACACTATCCGGTGTTATAGGAACAATTTTATCTTTACTTATACGCTTGGAATTAGCATATCCGGGAAATCAATTTTTTTTAGGTAATCATCAATTATACAATGTCGTAGTTACAGCCCATGCATTTTTAATGATTTTTTTTATGGTAATGCCTGTTTTAATT",574,"tpos1",1,1
"ATTATATTTTCTTTTCGGTACACTATCCGGTGTTATAGGAACAATTTTATCTTTACTTATACGCTTGGAATTAGCATATCCGGGAAATCAATTTTTTTTAGGTAATCATCAATTATACAATGTCGTAGTTACAGCCCATGCATTTTTAATGATTTTTTTTATGGTAATGCCTGTTTTAATT",574,"tpos1",2,4
"ATTATATTTTCTTTTCGGTACACTATCCGGTGTTATAGGAACAATTTTATCTTTACTTATACGCTTGGAATTAGCATATCCGGGAAATCAATTTTTTTTAGGTAATCATCAATTATACAATGTCGTAGTTACAGCCCATGCATTTTTAATGATTTTTTTTATGGTAATGCCTGTTTTAATT",574,"tpos1",3,14
"ATTGTACCTTATATTTGCCTTATTTTCAGGGCTATTAGGTACTGCTTTTTCTGTTTTAATAAGACTTGAATTATCAGGACCTGGTGTACAATACATAGCTGATAACCAACTTTATAACAGTATAATTACTGCACATGCAATACTTATGATTTTCTTCATGGTTATGCCTGCTATGATA",600,"tpos1",1,257
"ATTGTACCTTATATTTGCCTTATTTTCAGGGCTATTAGGTACTGCTTTTTCTGTTTTAATAAGACTTGAATTATCAGGACCTGGTGTACAATACATAGCTGATAACCAACTTTATAACAGTATAATTACTGCACATGCAATACTTATGATTTTCTTCATGGTTATGCCTGCTATGATA",600,"tpos1",2,141
"ATTGTACCTTATATTTGCCTTATTTTCAGGGCTATTAGGTACTGCTTTTTCTGTTTTAATAAGACTTGAATTATCAGGACCTGGTGTACAATACATAGCTGATAACCAACTTTATAACAGTATAATTACTGCACATGCAATACTTATGATTTTCTTCATGGTTATGCCTGCTATGATA",600,"tpos1",3,74
"ATTGTACCTTATATTTGCCTTATTTTCAGGGCTATTAGGTACTGCTTTTTCTGTTTTAATAAGACTTGAATTATCAGGACCTGGTGTACAATACATAGCTGATGACCAACTTTATAACAATATAATTACTGCACATGCAATACTTATGATTTTCTTCATGGTTATGCCTGCTATGATA",613,"tpos1",1,3
"ATTGTACTTGATTTATGGGGGATTTGCTGGTTTAATTGGAACGATGTTCTCTGTTCTAATAAGAATGGAACTATCATCACCCGGTAATACTATACTAGCTGGTAACTATCAATACTATAATGTTATAGTAACTGCGCATGCTTTCATTATGATCTTCTTTTTTGTTATGCCTGCTATGATG",629,"tpos1",1,12
"CCTATACCTAGTATTTGCAGTATTTGCAGGTATAATTGGTACAGCATTTTCAGTACTAATTCGTATGGAACTTGCAGCACCAGGAGTACAATATCTTAACGGAGATCACCAACTTTATAATGTAGTTATTACTGCACATGCGCTAATTATGATTTTCTTTATGGTTATGCCTGCTCTCGTG",649,"tpos1",1,28
"CCTATACCTAGTATTTGCAGTATTTGCAGGTATAATTGGTACAGCATTTTCAGTACTAATTCGTATGGAACTTGCAGCACCAGGAGTACAATATCTTAACGGAGATCACCAACTTTATAATGTAGTTATTACTGCACATGCGCTAATTATGATTTTCTTTATGGTTATGCCTGCTCTCGTG",649,"tpos1",2,1
"CCTATACCTAGTATTTGCAGTATTTGCAGGTATAATTGGTACAGCATTTTCAGTACTAATTCGTATGGAACTTGCAGCACCAGGAGTACAATATCTTAACGGAGATCACCAACTTTATAATGTAGTTATTACTGCACATGCGCTAATTATGATTTTCTTTATGGTTATGCCTGCTCTCGTG",649,"tpos1",3,1
"CCTTTATCTTGTATTTGGTGCCTGGGCCGGAATGGTAGGGACCGCCCTAAGCCTTCTTATTCGGGCCGAACTAAGCCAGCCTGGCTCGCTATTAGGTGATAGCCAAATTTATAATGTTATTGTTACCGCCCACGCCTTCGTAATAATTTTCTTTATAGTCATGCCAATTCTCATT",708,"tpos1",1,189
"CCTTTATCTTGTATTTGGTGCCTGGGCCGGAATGGTAGGGACCGCCCTAAGCCTTCTTATTCGGGCCGAACTAAGCCAGCCTGGCTCGCTATTAGGTGATAGCCAAATTTATAATGTTATTGTTACCGCCCACGCCTTCGTAATAATTTTCTTTATAGTCATGCCAATTCTCATT",708,"tpos1",2,244
"CCTTTATCTTGTATTTGGTGCCTGGGCCGGAATGGTAGGGACCGCCCTAAGCCTTCTTATTCGGGCCGAACTAAGCCAGCCTGGCTCGCTATTAGGTGATAGCCAAATTTATAATGTTATTGTTACCGCCCACGCCTTCGTAATAATTTTCTTTATAGTCATGCCAATTCTCATT",708,"tpos1",3,228
"CCTTTATTTTATTTTCGGTATCTGATCAGGTCTCGTAGGATCATCACTTAGATTTATTATTCGAATAGAATTAAGAACTCCTGGTAGATTTATTGGCAACGACCAAATTTATAACGTAATCGTAACTGCTCATGCCTTTATTATAATTTTTTTTATAGTTATACCAATCATAATT",5307,"tpos1",1,2
"CCTTTATTTTATTTTCGGTATCTGATCAGGTCTCGTAGGATCATCACTTAGATTTATTATTCGAATAGAATTAAGAACTCCTGGTAGATTTATTGGCAACGACCAAATTTATAACGTAATCGTAACTGCTCATGCCTTTATTATAATTTTTTTTATAGTTATACCAATCATAATT",5307,"tpos1",2,2
"CCTTTATTTTATTTTCGGTATCTGATCAGGTCTCGTAGGATCATCACTTAGATTTATTATTCGAATAGAATTAAGAACTCCTGGTAGATTTATTGGCAACGACCAAATTTATAACGTAATCGTAACTGCTCATGCCTTTATTATAATTTTTTTTATAGTTATACCAATCATAATT",5307,"tpos1",3,1
"CCTTTATTTTATTTTCGGTATCTGATCAGGTCTCGTAGGATCATCACTTAGATTTATTATTCGAATAGAATTAAGAACTCCTGGTAGATTTATTGGCAACGACCAAATTTATAACGTAATTGTTACATCTCATGCATTTATTATAATTTTTTTTATAGTTATACCAATCATAATT",1227,"tpos1",1,13704
"CCTTTATTTTATTTTCGGTATCTGATCAGGTCTCGTAGGATCATCACTTAGATTTATTATTCGAATAGAATTAAGAACTCCTGGTAGATTTATTGGCAACGACCAAATTTATAACGTAATTGTTACATCTCATGCATTTATTATAATTTTTTTTATAGTTATACCAATCATAATT",1227,"tpos1",2,18245
"CCTTTATTTTATTTTCGGTATCTGATCAGGTCTCGTAGGATCATCACTTAGATTTATTATTCGAATAGAATTAAGAACTCCTGGTAGATTTATTGGCAACGACCAAATTTATAACGTAATTGTTACATCTCATGCATTTATTATAATTTTTTTTATAGTTATACCAATCATAATT",1227,"tpos1",3,17095
"CCTTTATTTTATTTTTGGTGCTTGATCAGGGATAGTGGGAACTTCTTTAAGAATTCTTATTCGAGCTGAACTTGGTCATGCGGGATCTTTAATCGGAGACGATCAAATTTACAATGTAATTGTTACTGCACACGCCTTTGTAATAATTTTTTTTATAGTTATACCTATTTTAATT",5765,"tpos1",1,3
"CCTTTATTTTATTTTTGGTGCTTGATCAGGGATAGTGGGAACTTCTTTAAGAATTCTTATTCGAGCTGAACTTGGTCATGCGGGATCTTTAATCGGAGACGATCAAATTTACAATGTAATTGTTACTGCACACGCCTTTGTAATAATTTTTTTTATAGTTATACCTATTTTAATT",5765,"tpos1",2,11
"CCTTTATTTTATTTTTGGTGCTTGATCTGGTATAGTTGGTACTTCTTTAAGAATGCTAATTCGAGCAGAATTAGGACGTCCAGGAACATTTATTGGAGATGACCAAGTTTATAATGTTATTGTAACAGCTCATGCTTTTATTATAATTTTTTTTATAGTTATACCTATTTTAATT",5769,"tpos1",1,4
"CCTTTATTTTATTTTTGGTGCTTGATCTGGTATAGTTGGTACTTCTTTAAGAATGCTAATTCGAGCAGAATTAGGACGTCCAGGAACATTTATTGGAGATGACCAAGTTTATAATGTTATTGTAACAGCTCATGCTTTTATTATAATTTTTTTTATAGTTATACCTATTTTAATT",5769,"tpos1",2,5
"CTTATATCTATTATTTGCAGGCGTTTCGGGTATTGCCGGCACTGTTTTATCTTTATATATACGAGCTACACTAGCAACTCCTGCTTCCAATTTTTTAAGCAAAAATCATCACTTGTATAACGTAATAGTGACAGGCCATGCGTTTTTAATGATTTTTTTTTTAGTAATGCCTGCTCTTATA",1641,"tpos1",1,12
"CTTATATCTATTATTTGCAGGCGTTTCGGGTATTGCCGGCACTGTTTTATCTTTATATATACGAGCTACACTAGCAACTCCTGCTTCCAATTTTTTAAGCAAAAATCATCACTTGTATAACGTAATAGTGACAGGCCATGCGTTTTTAATGATTTTTTTTTTAGTAATGCCTGCTCTTATA",1641,"tpos1",2,15
"CTTATATTTTATTTTTGGTGCTTGATCAGGGATAGTGGGAACTTCTTTAAGAATTCTTATTCGAGCTGAACTTGGTCATGCGGGATCTTTAATCGGAGACGATCAAATTTACAATGTAATTGTTACTGCACACGCCTTTGTAATAATTTTTTTTATAGTGATACCTATTATAATT",1682,"tpos1",1,1
"CTTATATTTTATTTTTGGTGCTTGATCAGGGATAGTGGGAACTTCTTTAAGAATTCTTATTCGAGCTGAACTTGGTCATGCGGGATCTTTAATCGGAGACGATCAAATTTACAATGTAATTGTTACTGCACACGCCTTTGTAATAATTTTTTTTATAGTGATACCTATTATAATT",1682,"tpos1",2,2
"CTTATATTTTATTTTTGGTGCTTGATCAGGGATAGTGGGAACTTCTTTAAGAATTCTTATTCGAGCTGAACTTGGTCATGCGGGATCTTTAATCGGAGACGATCAAATTTACAATGTAATTGTTACTGCACACGCCTTTGTAATAATTTTTTTTATAGTGATACCTATTATAATT",1682,"tpos1",3,2
"CTTATATTTTATTTTTGGTGCTTGATCAGGGATAGTGGGAACTTCTTTAAGAATTCTTATTCGAGCTGAACTTGGTCATGCGGGATCTTTAATCGGAGACGATCAAATTTACAATGTAATTGTTACTGCACACGCCTTTGTAATAATTTTTTTTATAGTTATACCTATTTTAATT",1688,"tpos1",1,335
"CTTATATTTTATTTTTGGTGCTTGATCAGGGATAGTGGGAACTTCTTTAAGAATTCTTATTCGAGCTGAACTTGGTCATGCGGGATCTTTAATCGGAGACGATCAAATTTACAATGTAATTGTTACTGCACACGCCTTTGTAATAATTTTTTTTATAGTTATACCTATTTTAATT",1688,"tpos1",2,331
"CTTATATTTTATTTTTGGTGCTTGATCAGGGATAGTGGGAACTTCTTTAAGAATTCTTATTCGAGCTGAACTTGGTCATGCGGGATCTTTAATCGGAGACGATCAAATTTACAATGTAATTGTTACTGCACACGCCTTTGTAATAATTTTTTTTATAGTTATACCTATTTTAATT",1688,"tpos1",3,356
"CTTGTACATGATTTTCGGAACGTTGGCCGGAGTGGTCGGAACGACGTTGTCGGTATGGATGCGAATGGAATTGGCGGCACCGGGAGTGCAAGCATTGTCGGGAAACCATCAGTTGTATAACGTGATGGTGACGGCACATGCCTTCATCATGATTTTCTTCTTCGTGATGCCCTTTTTGATT",1717,"tpos1",1,15
"GTTATATTTAATATTTAGTATAATAGCAGGTTTAGTTGGTACGTGATTTTCAATAATGATAAGAACAGAATTAGCATATCCAGGTTTTCAATATTTTAATGGAGATTTACAACATTATAATGTGATAATTACAGGACATGCGTTCATTATGATATTTTTCATGGTAATGCCAGCATTAATT",5865,"tpos1",2,4
"TCTATACCTGATGTTTGCCTTATTCGCAGGTTTAGTAGGTACAGCATTTTCTGTACTTATTAGAATGGAATTAAGTGCACCAGGAGTTCAATACATCAGTGATAACCAGTTATATAATAGTATTATAACAGCTCACGCTATTGTTATGATATTCTTTATGGTTATGCCTGCTATGATC",1737,"tpos1",1,4
"TCTATATTTCATCTTCGGTGCCATTGCTGGAGTGATGGGCACATGCTTCTCAGTACTGATTCGTATGGAATTAGCACGACCCGGCGATCAAATTCTTGGTGGGAATCATCAACTTTATAATGTTTTAATAACGGCTCACGCTTTTTTAATGATCTTTTTTATGGTTATGCCGGCGATGATA",1759,"tpos1",1,3
"TCTATATTTCATCTTCGGTGCCATTGCTGGAGTGATGGGCACATGCTTCTCAGTACTGATTCGTATGGAATTAGCACGACCCGGCGATCAAATTCTTGGTGGGAATCATCAACTTTATAATGTTTTAATAACGGCTCACGCTTTTTTAATGATCTTTTTTATGGTTATGCCGGCGATGATA",1759,"tpos1",2,14
"TCTATATTTCATTTTTGGTGCTTGATCAGGAATAGTAGGAACTTCTTTAAGAATTCTAATTCGAGCTGAATTAGGTCATGCCGGTTCATTAATTGGAGATGATCAAATTTATAATGTAATTGTAACTGCTCATGCTTTTGTAATAATTTTCTTTATAGTTATACCTATTTTAATT",1794,"tpos1",1,3
"TCTATATTTCATTTTTGGTGCTTGATCAGGAATAGTAGGAACTTCTTTAAGAATTCTAATTCGAGCTGAATTAGGTCATGCCGGTTCATTAATTGGAGATGATCAAATTTATAATGTAATTGTAACTGCTCATGCTTTTGTAATAATTTTCTTTATAGTTATACCTATTTTAATT",1794,"tpos1",2,1
"TCTATATTTCATTTTTGGTGCTTGATCAGGGATAGTGGGAACTTCTTTAAGAATTCTTATTCGAGCTGAACTTGGTCATGCGGGATCTTTAATCGGAGACGATCAAATTTACAATGTAATTGTTACTGCACACGCCTTTGTAATAATTTTTTTTATAGTTATACCTATTTTAATT",5926,"tpos1",2,1
"TCTATATTTCATTTTTGGTGCTTGATCAGGGATAGTGGGAACTTCTTTAAGAATTCTTATTCGAGCTGAACTTGGTCATGCGGGATCTTTAATCGGAGACGATCAAATTTACAATGTAATTGTTACTGCACACGCCTTTGTAATAATTTTTTTTATAGTTATACCTATTTTAATT",5926,"tpos1",3,2
"TCTATATTTCATTTTTGGTGCTTGGGCAGGTATGGTAGGTACCTCATTAAGACTTTTAATTCGAGCCGAGTTGGGTAACCCGGGTTCATTAATTGGGGACGATCAAATTTATAACGTAATCGTAACTGATCATGGCTTTATTATGATTTTTTTTATAGTGATACCTATTATAATT",6042,"tpos1",2,12
"TCTATATTTCATTTTTGGTGCTTGGGCAGGTATGGTAGGTACCTCATTAAGACTTTTAATTCGAGCCGAGTTGGGTAACCCGGGTTCATTAATTGGGGACGATCAAATTTATAACGTAATCGTAACTGCTCATGCCTTTATTATGATTTTTTTTATAGTGATACCTATTATAATT",2009,"tpos1",1,3769
"TCTATATTTCATTTTTGGTGCTTGGGCAGGTATGGTAGGTACCTCATTAAGACTTTTAATTCGAGCCGAGTTGGGTAACCCGGGTTCATTAATTGGGGACGATCAAATTTATAACGTAATCGTAACTGCTCATGCCTTTATTATGATTTTTTTTATAGTGATACCTATTATAATT",2009,"tpos1",2,4732
"TCTATATTTCATTTTTGGTGCTTGGGCAGGTATGGTAGGTACCTCATTAAGACTTTTAATTCGAGCCGAGTTGGGTAACCCGGGTTCATTAATTGGGGACGATCAAATTTATAACGTAATCGTAACTGCTCATGCCTTTATTATGATTTTTTTTATAGTGATACCTATTATAATT",2009,"tpos1",3,4464
"TCTTTACCTGATCTTCGCCGTATTCTCAGGAATGATTGGTACAGCATTCAGTGTAATTATTCGAATGGAACTTGCTGCGCCCGGTGTGCAATACCTTCACGGTAACCACCAACTATATAACGTAATTATTACAGCCCACGCCTTCCTAATGATCTTTTTCATGGTTATGCCTGGTCTTGTG",2197,"tpos1",1,5
"TCTTTACCTGATCTTCGCCGTATTCTCAGGAATGATTGGTACAGCATTCAGTGTAATTATTCGAATGGAACTTGCTGCGCCCGGTGTGCAATACCTTCACGGTAACCACCAACTATATAACGTAATTATTACAGCCCACGCCTTCCTAATGATCTTTTTCATGGTTATGCCTGGTCTTGTG",2197,"tpos1",2,12
"TCTTTACTTAATTTTTGGTGCTATTTCTGGTGTAGCTGGAACTGCTTTATCACTTTACATCAGATTTACATTATCTCAACCAAACTCGAGTTTTTTAGAATATAACCACCATTTATATAATGTAATTGTTACAGGACATGCACTTATAATGGTTTTTTTTGTAGTAATGCCTATTTTAATT",2380,"tpos1",3,36
"TCTTTATATTATTTACGGCTTTCTCATAGGATTGGTTGGTACATTTTTTTCCGCTGTCATTCGTATTCAACTCATGTACCCTGGTTCGTTGTTTTTGGGTGGTAATTACCATTATTATAATACTGTAATTACAGCGCACGCACTTGTGATAATTTTTTTTATGGTCATACCAGTGTTGATT",6216,"tpos1",2,36
"TCTTTATATTATTTACGGCTTTCTCATAGGATTGGTTGGTACATTTTTTTCCGCTGTCATTCGTATTCAACTCATGTACCCTGGTTCGTTGTTTTTGGGTGGTAATTACCATTATTATAATACTGTAATTACAGCGCACGCACTTGTGATAATTTTTTTTATGGTCATACCAGTGTTGATT",6216,"tpos1",3,53
"TCTTTATATTCTTTTTGGAGCTATTGCAGGAGTATGTGGTACTGCAGTCTCCGTAGCGATTAGATTAGAACTTGCTCAACCAGGTGCAGGTATACTATCGTCTAATCACCAGTTATACAATGTTTTTATTACAGCTCATGCTATTTTAATGATTTTTTTCATGGTCATGCCTATTCTTATA",8667,"tpos1",3,5
"TCTTTATCTTATATTTGCATTATTTTCAGGGCTTTTAGGTACAGCTTTTTCTGTTTTAATTAGACTAGAATTATCTGGACCTGGAGTACAATACATAGCAGACAACCAATTATACAACAGTATAATAACTGCGCATGCTATTCTGATGATATTTTTCATGGTAATGCCTGCAATGATA",2199,"tpos1",1,1
"TCTTTATCTTATATTTGCATTATTTTCAGGGCTTTTAGGTACAGCTTTTTCTGTTTTAATTAGACTAGAATTATCTGGACCTGGAGTACAATACATAGCAGACAACCAATTATACAACAGTATAATAACTGCGCATGCTATTCTGATGATATTTTTCATGGTAATGCCTGCAATGATA",2199,"tpos1",3,5
"TCTTTATTTCATTTTCGGAACATTTGCAGGAGTTGTCGGAACTTTACTTTCATTATTTATTCGTCTGGAATTAGCATACCCAGGAAATCAATTTTTTTTAGGAAACCACCAACTTTATAATGTAGTTGTAACAGCACATGCTTTTATTATGATTTTTTTTATGGTTATGCCAATTTTAATC",2204,"tpos1",1,26
"TCTTTATTTCATTTTCGGAACATTTGCAGGAGTTGTCGGAACTTTACTTTCATTATTTATTCGTCTGGAATTAGCATACCCAGGAAATCAATTTTTTTTAGGAAACCACCAACTTTATAATGTAGTTGTAACAGCACATGCTTTTATTATGATTTTTTTTATGGTTATGCCAATTTTAATC",2204,"tpos1",2,9
"TCTTTATTTCATTTTCGGAACATTTGCAGGAGTTGTCGGAACTTTACTTTCATTATTTATTCGTCTGGAATTAGCATACCCAGGAAATCAATTTTTTTTAGGAAACCACCAACTTTATAATGTAGTTGTAACAGCACATGCTTTTATTATGATTTTTTTTATGGTTATGCCAATTTTAATC",2204,"tpos1",3,24
"TTTATACTTATTATTTGCTGTTTTAGCAGGAGTTGTAGGAACATATTTTTCTGCTTTAATCAGAATAGAGTTAGCATATCCTGGTAATGGAATTTTTAACGGTAATTTTCAACTTTATAATGTTGTAGTAACAGCGCATGCTTTTATTATGATTTTCTTTTTAGTAATGCCAGCAATGATT",3848,"tpos1",2,5
"TTTATATATGATTTTTGCAGCCTTTTCAGGAATTGTAGGGACTGTATTTTCAATGTTAATTCGATTTGAATTAGCACATCCAGGACATCAAATTTTATCTGGAAATAACCAATTATACAACGTTATCGTAACGGCACATGCTTTTGTAATGATTTTCTTCATGGTAATGCCTGCATTAATT",2224,"tpos1",1,4
"TTTATATATGATTTTTGCAGCCTTTTCAGGAATTGTAGGGACTGTATTTTCAATGTTAATTCGATTTGAATTAGCACATCCAGGACATCAAATTTTATCTGGAAATAACCAATTATACAACGTTATCGTAACGGCACATGCTTTTGTAATGATTTTCTTCATGGTAATGCCTGCATTAATT",2224,"tpos1",2,1
"TTTATATTTAATATTTGGGCTAATAGCGGGTGTAATAGGAACGTTATTTTCGATATTAATTAGATTAGAATTAGCCTATCCAGGGAATCAATATTTTTTGGGAGATCATCAATTTTATAATGTTGTTGTTACATCACATGCGTTTATTATGATTTTTTTTATGGTAATGCCGGCATTTGTT",8690,"tpos1",3,16
"TTTATATTTCATTTTTGGTGCATGATCAGGTATGGTGGGTACTTCCCTTAGTTTATTAATTCGAGCAGAACTTGGTAATCCTGGTTCTTTGATTGGCGATGATCAGATTTATAACGTTATTGTCACTGCCCATGCTTTTATTATGATTTTTTTTATAGTGATACCTATTATAATT",2271,"tpos1",1,319
"TTTATATTTCATTTTTGGTGCATGATCAGGTATGGTGGGTACTTCCCTTAGTTTATTAATTCGAGCAGAACTTGGTAATCCTGGTTCTTTGATTGGCGATGATCAGATTTATAACGTTATTGTCACTGCCCATGCTTTTATTATGATTTTTTTTATAGTGATACCTATTATAATT",2271,"tpos1",2,705
"TTTATATTTCATTTTTGGTGCATGATCAGGTATGGTGGGTACTTCCCTTAGTTTATTAATTCGAGCAGAACTTGGTAATCCTGGTTCTTTGATTGGCGATGATCAGATTTATAACGTTATTGTCACTGCCCATGCTTTTATTATGATTTTTTTTATAGTGATACCTATTATAATT",2271,"tpos1",3,314
"TTTATATTTTATTTTTGGAGCCTGAGCTGGAATAGTAGGTACTTCCCTTAGTATACTTATTCGAGCCGAATTAGGACACCCAGGATCTCTAATTGGAGACGACCAAATTTATAATGTAATTGTTACTGCTCATGCTTTTGTAATAATTTTTTTTATAGTTATACCAATTATAATT",2302,"tpos1",1,16
"TTTATATTTTATTTTTGGAGCCTGAGCTGGAATAGTAGGTACTTCCCTTAGTATACTTATTCGAGCCGAATTAGGACACCCAGGATCTCTAATTGGAGACGACCAAATTTATAATGTAATTGTTACTGCTCATGCTTTTGTAATAATTTTTTTTATAGTTATACCAATTATAATT",2302,"tpos1",2,11
"TTTATATTTTATTTTTGGAGCCTGAGCTGGAATAGTAGGTACTTCCCTTAGTATACTTATTCGAGCCGAATTAGGACACCCAGGATCTCTAATTGGAGACGACCAAATTTATAATGTAATTGTTACTGCTCATGCTTTTGTAATAATTTTTTTTATAGTTATACCAATTATAATT",2302,"tpos1",3,7
"TTTATATTTTATTTTTGGAGCCTGAGCTGGAATAGTAGGTACTTCCCTTAGTATACTTATTCGAGCCGAATTAGGACACCCAGGCTCTCTAATTGGAGACGACCAAATTTATAATGTAATTGTTACTGCTCATGCTTTTGTAATAATTTTTTTTATAGTTATGCCAATTATAATT",2306,"tpos1",1,7
"TTTATATTTTATTTTTGGTATTTGATCAGGTATAGTGGGTACTTCTTTGAGCTTAATAATTCGTACAGAATTAGGTCAGCCAGGTTATTTAATTGGAGATGACCAAATTTATAATGTTATTGTAACTGCTCATGCTTTTATTATAATTTTCTTTATAGTGATACCTATTATAATT",6328,"tpos1",1,1
"TTTATATTTTATTTTTGGTATTTGATCAGGTATAGTGGGTACTTCTTTGAGCTTAATAATTCGTACAGAATTAGGTCAGCCAGGTTATTTAATTGGAGATGACCAAATTTATAATGTTATTGTAACTGCTCATGCTTTTATTATAATTTTCTTTATAGTGATACCTATTATAATT",6328,"tpos1",2,2
"ACTTTATTTCATTTTCGGAACATTTGCAGGAGTTGTAGGAACTTTACTTTCATTATTTATTCGTCTTGAATTAGCTTATCCAGGAAATCAATTTTTTTTAGGAAATCACCAACTTTATAATGTGGTTGTGACAGCACATGCTTTTATCATGATTTTTTTCATGGTTATGCCGATTTTAATC",221,"tnegtag",3,1
"ACTTTATTTTATTTTTGGTGCTTGATCAGGAATAGTAGGAACTTCTTTAAGAATTCTAATTCGAGCTGAATTAGGTCATGCCGGTTCATTAATTGGAGATGATCAAATTTATAATGTAATTGTAACTGCTCATGCTTTTGTAATAATTTTCTTTATAGTTATACCTATTTTAATT",429,"tnegtag",2,3
"ACTTTATTTTATTTTTGGTGCTTGATCAGGAATAGTAGGAACTTCTTTAAGAATTCTAATTCGAGCTGAATTAGGTCATGCCGGTTCATTAATTGGAGATGATCAAATTTATAATGTAATTGTAACTGCTCATGCTTTTGTAATAATTTTCTTTATAGTTATACCTATTTTAATT",429,"tnegtag",3,3
"CCTTTATCTAGTATTCGGTGCTTGGGCAGGTATGGTAGGTACCTCATTAAGACTTTTAATTCGAGCCGAGTTGGGTAACCCGGGTTCATTAATTGGGGACGATCAAATTTATAACGTAATCGTAACTGCTCATGCCTTTATTATGATTTTTTTTATAGTGATACCTATTATAATT",2317,"tnegtag",2,2
"CCTTTATCTAGTATTCGGTGCTTGGGCAGGTATGGTAGGTACCTCATTAAGACTTTTAATTCGAGCCGAGTTGGGTAACCCGGGTTCATTAATTGGGGACGATCAAATTTATAACGTAATCGTAACTGCTCATGCCTTTATTATGATTTTTTTTATAGTGATACCTATTATAATT",2317,"tnegtag",3,2
"CCTTTATCTAGTATTCGGTGCTTGGGCTGGGATAGTTGGAACAGCCCTTAGCTTACTAATCCGTGCAGAGCTTAGCCAACCTGGCACCCTGCTCGGTGACGACCAAGTTTACAACGTGATCGTAACAGCTCATGCTTTCGTAATAATCTTCTTTATAGTTATACCAATCATAATT",6340,"tnegtag",2,4
"CCTTTATCTAGTATTCGGTGCTTGGGCTGGGATAGTTGGAACAGCCCTTAGCTTACTAATCCGTGCAGAGCTTAGCCAACCTGGCGCCCTGCTCGGTGACGACCAAGTTTACAACGTGATCGTAACAGCTCATGCTTTCGTAATAATCTTCTTTATAGTAATGCCAATTATGATT",2319,"tnegtag",2,3
"CCTTTATCTAGTATTCGGTGCTTGGGCTGGGATAGTTGGAACAGCCCTTAGCTTACTAATCCGTGCAGAGCTTAGCCAACCTGGCGCCCTGCTCGGTGACGACCAAGTTTACAACGTGATCGTAACAGCTCATGCTTTCGTAATAATCTTCTTTATAGTAATGCCAATTATGATT",2319,"tnegtag",3,2
"CCTTTATCTTGTATTTGGTGCCTGGGCCGGAATGGTAGGGACCGCCCTAAGCCTTCTTATTCGGGCCGAACTAAGCCAGCCTGGCTCGCTATTAGGTGATAGCCAAATTTATAATGTTATTGTTACCGCCCACGCCTTCGTAATAATTTTCTTTATAGTCATGCCAATTCTCATT",708,"tnegtag",3,1
"CCTTTATTTTATTTTCGGTATCTGATCAGGTCTCGTAGGATCATCACTTAGATTTATTATTCGAATAGAATTAAGAACTCCTGGTAGATTTATTGGCAACGACCAAATTTATAACGTAATTGTTACATCTCATGCATTTATTATAATTTTTTTTATAGTTATACCAATCATAATT",1227,"tnegtag",2,13
"CCTTTATTTTATTTTCGGTATCTGATCAGGTCTCGTAGGATCATCACTTAGATTTATTATTCGAATAGAATTAAGAACTCCTGGTAGATTTATTGGCAACGACCAAATTTATAACGTAATTGTTACATCTCATGCATTTATTATAATTTTTTTTATAGTTATACCAATCATAATT",1227,"tnegtag",3,14
"CTTATATTTTATTTTCGGAGCTTGAGCTGGAATAGTTGGGACTTCCCTTAGTATACTAATTCGAGCTGAATTAGGTCATCCTGGTTCACTTATTGGTGATGATCAAATTTATAATGTAATTGTTACAGCTCATGCTTTTGTAATAATTTTTTTTATAGTTATACCTATTATAATT",6348,"tnegtag",2,3
"CTTATATTTTATTTTCGGAGCTTGAGCTGGAATAGTTGGGACTTCCCTTAGTATACTAATTCGAGCTGAATTAGGTCATCCTGGTTCACTTATTGGTGATGATCAAATTTATAATGTAATTGTTACAGCTCATGCTTTTGTAATAATTTTTTTTATAGTTATACCTATTATAATT",6348,"tnegtag",3,1
"TCTATATTTAATTTTTGCTGGGATCTCTGGTTTAGCAGGAACCGCTTTATCGCTGTTTATCAGAGGAACTCTCGCAAACCCGAATTCTGCGTACTTAGATTATAACTATCACGTCTATAACGTTATTGTGACAGGCCACGGTGTTTTAATGGTGTTTTTTTTAGTAATGCCAGCATTAATT",6349,"tnegtag",2,3
"TCTATATTTCATTTTTGGTGCTTGGGCAGGTATGGTAGGTACCTCATTAAGACTTTTAATTCGAGCCGAGTTGGGTAACCCGGGTTCATTAATTGGGGACGATCAAATTTATAACGTAATCGTAACTGCTCATGCCTTTATTATGATTTTTTTTATAGTGATACCTATTATAATT",2009,"tnegtag",2,8
"TCTATATTTCATTTTTGGTGCTTGGGCAGGTATGGTAGGTACCTCATTAAGACTTTTAATTCGAGCCGAGTTGGGTAACCCGGGTTCATTAATTGGGGACGATCAAATTTATAACGTAATCGTAACTGCTCATGCCTTTATTATGATTTTTTTTATAGTGATACCTATTATAATT",2009,"tnegtag",3,3
"TTTATACTTTATTTTCGGGGCTTGAGCTGGAATAGTAGGTACATCTCTTAGATTATTAATTCGTGCCGAACTTGGTAATCCCGGCTCACTAATTGGGGATGACCAAATTTATAACGTCATTGTTACGGCGCATGCCTTTATTATAATTTTTTTTATAGTGATACCAATTATAATT",4106,"tnegtag",2,1
"TTTATACTTTGTGTTTGGAGCTTGGGCTGGAATAGTCGGCTCCTCTCTAAGGGTTTTAATTCGTCTAGAGTTAGGGCAACCTGGCTCATTAATTGGGGATGATCAGATCTACAATGTAGTTGTGACAGCTCATGCTTTCGTTATAATCTTCTTTATGGTGATACCTTCTATAATT",2326,"tnegtag",2,6
"TTTATACTTTGTGTTTGGAGCTTGGGCTGGAATAGTCGGCTCCTCTCTAAGGGTTTTAATTCGTCTAGAGTTAGGGCAACCTGGCTCATTAATTGGGGATGATCAGATCTACAATGTAGTTGTGACAGCTCATGCTTTCGTTATAATCTTCTTTATGGTGATACCTTCTATAATT",2326,"tnegtag",3,2
"TTTATATTTCATTTTTGGTGCATGATCAGGTATGGTGGGTACTTCCCTTAGTTTATTAATTCGAGCAGAACTTGGTAATCCTGGTTCTTTGATTGGTGATGATCAGATTTATAACGTTATTGTCACTGCCCATGCTTTTATTATGATTTTTTTTATAGTGATACCTATTATAATT",2284,"tnegtag",2,57
"TTTATATTTCATTTTTGGTGCATGATCAGGTATGGTGGGTACTTCCCTTAGTTTATTAATTCGAGCAGAACTTGGTAATCCTGGTTCTTTGATTGGTGATGATCAGATTTATAACGTTATTGTCACTGCCCATGCTTTTATTATGATTTTTTTTATAGTGATACCTATTATAATT",2284,"tnegtag",3,25
"TTTATATTTCATTTTTGGTGCATGATCAGGTATGGTGGGTACTTCCCTTAGTTTATTAATTCGAGCAGAACTTGGTAATCCTGGTTCTTTGATTGGTGATGATCAGATTTATAACGTTATTGTCACTGCCCATGCTTTTATTATGATTTTTTTTATAGTTATACCAATCATAATT",6303,"tnegtag",2,20
"TTTATATTTCATTTTTGGTGCATGATCAGGTATGGTGGGTACTTCCCTTAGTTTATTAATTCGAGCAGAACTTGGTAATCCTGGTTCTTTGATTGGTGATGATCAGATTTATAACGTTATTGTCACTGCCCATGCTTTTATTATGATTTTTTTTATAGTTATACCAATCATAATT",6303,"tnegtag",3,2
"TTTATATTTTATTTTTGGAGCCTGAGCTGGAATAGTAGGTACTTCCCTTAGTATACTTATTCGAGCCGAATTAGGACACCCAGGATCTCTAATTGGAGACGACCAAATTTATAATGTAATTGTTACTGCTCATGCTTTTGTAATAATTTTTTTTATAGTTATACCTATTTTAATT",6388,"tnegtag",2,1
"TTTATATTTTATTTTTGGAGCCTGAGCTGGAATAGTAGGTACTTCCCTTAGTATACTTATTCGAGCCGAATTAGGACACCCAGGCTCTCTAATTGGAGACGACCAAATTTATAATGTAATTGTTACTGCTCATGCTTTTGTAATAATTTTTTTTATAGTGATACCTATTATAATT",2332,"tnegtag",2,3
"TTTATATTTTATTTTTGGAGCCTGAGCTGGAATAGTAGGTACTTCCCTTAGTATACTTATTCGAGCCGAATTAGGACACCCAGGCTCTCTAATTGGAGACGACCAAATTTATAATGTAATTGTTACTGCTCATGCTTTTGTAATAATTTTTTTTATAGTTATACCAATCATAATT",2305,"tnegtag",2,27
"TTTATATTTTATTTTTGGAGCCTGAGCTGGAATAGTAGGTACTTCCCTTAGTATACTTATTCGAGCCGAATTAGGACACCCAGGCTCTCTAATTGGAGACGACCAAATTTATAATGTAATTGTTACTGCTCATGCTTTTGTAATAATTTTTTTTATAGTTATACCAATCATAATT",2305,"tnegtag",3,5
"TTTATATTTTATTTTTGGAGCCTGAGCTGGAATAGTAGGTACTTCCCTTAGTATACTTATTCGAGCCGAATTAGGACACCCAGGCTCTCTAATTGGAGACGACCAAATTTATAATGTAATTGTTACTGCTCATGCTTTTGTAATAATTTTTTTTATAGTTATGCCAATTATAATT",2306,"tnegtag",2,43
"TTTATATTTTATTTTTGGAGCCTGAGCTGGAATAGTAGGTACTTCCCTTAGTATACTTATTCGAGCCGAATTAGGACACCCAGGCTCTCTAATTGGAGACGACCAAATTTATAATGTAATTGTTACTGCTCATGCTTTTGTAATAATTTTTTTTATAGTTATGCCAATTATAATT",2306,"tnegtag",3,8
"TTTATATTTTATTTTTGGAGCCTGAGCTGGAATAGTGGGTACTTCCCTTAGTATACTTATTCGAGCCGAATTAGGACACCCAGGATCTCTAATTGGAGACGACCAAATTTATAATGTAATTGTTACTGCTCATGCTTTTGTAATAATTTTTTTTATAGTGATACCTATTATAATT",6403,"tnegtag",2,3
"TTTATATTTTATTTTTGGAGCCTGAGCTGGAATAGTGGGTACTTCCCTTAGTATACTTATTCGAGCCGAATTAGGACACCCAGGATCTCTAATTGGAGACGACCAAATTTATAATGTAATTGTTACTGCTCATGCTTTTGTAATAATTTTTTTTATAGTTATACCAATTATAATT",2309,"tnegtag",2,26
"TTTATATTTTATTTTTGGAGCCTGAGCTGGAATAGTGGGTACTTCCCTTAGTATACTTATTCGAGCCGAATTAGGACACCCAGGATCTCTAATTGGAGACGACCAAATTTATAATGTAATTGTTACTGCTCATGCTTTTGTAATAATTTTTTTTATAGTTATACCAATTATAATT",2309,"tnegtag",3,5
"TTTATATTTTATTTTTGGTGTTTGAGCCGGAATAATTGGCTTAAGAATAAGCCTGCTAATTCGTTTAGAGCTTGGGGTTTTAGGGCCTTTTCTTGGAGACGAGCATTTGTATAACGTTATTGTTACTGCCCATGCTTTTGTTATAATTTTCTTTATAGTTATACCAATTTCTATA",3054,"tnegtag",2,4
"TTTATATTTTATTTTTGGTGTTTGAGCCGGAATAATTGGCTTAAGAATAAGCCTGCTAATTCGTTTAGAGCTTGGGGTTTTAGGGCCTTTTCTTGGAGACGAGCATTTGTATAACGTTATTGTTACTGCCCATGCTTTTGTTATAATTTTCTTTATAGTTATACCAATTTCTATA",3054,"tnegtag",3,1
"ACTATATTTAATTTTTGCTGCAATTTCTGGTGTAGCAGGAACTACGCTTTCATTGTTTATTAGAGCTACATTAGCGACACCAAATTCTGGTGTTTTAGATTATAATTACCATTTGTATAATGTTATAGTTACGGGTCATGCTTTTTTGATGATCTTTTTTTTAGTAATGCCTGCTTTATTG",2345,"14ben01",1,6
"ACTATATTTAATTTTTGCTGCAATTTCTGGTGTAGCAGGAACTACGCTTTCATTGTTTATTAGAGCTACATTAGCGACACCAAATTCTGGTGTTTTAGATTATAATTACCATTTGTATAATGTTATAGTTACGGGTCATGCTTTTTTGATGATCTTTTTTTTAGTAATGCCTGCTTTATTG",2345,"14ben01",3,29
"CCTTTATCTAGTATTCGGTGCTTGGGCAGGTATGGTAGGGACCTCATTAAGACTTTTAATTCGAGCCGAGTTGGGTAACCCGGGTTCATTAATTGGGGACGATCAAATTTATAACGTAATCGTAACTGCCCATGCCTTTATTATGATTTTTTTTATAGTGATACCTATTATAATT",2348,"14ben01",1,1
"CCTTTATCTAGTATTCGGTGCTTGGGCAGGTATGGTAGGGACCTCATTAAGACTTTTAATTCGAGCCGAGTTGGGTAACCCGGGTTCATTAATTGGGGACGATCAAATTTATAACGTAATCGTAACTGCCCATGCCTTTATTATGATTTTTTTTATAGTGATACCTATTATAATT",2348,"14ben01",2,5
"CCTTTATCTAGTATTCGGTGCTTGGGCAGGTATGGTAGGGACCTCATTAAGACTTTTAATTCGAGCCGAGTTGGGTAACCCGGGTTCATTAATTGGGGACGATCAAATTTATAACGTAATCGTAACTGCCCATGCCTTTATTATGATTTTTTTTATAGTGATACCTATTATAATT",2348,"14ben01",3,2
"CCTTTATCTAGTATTCGGTGCTTGGGCTGGGATAGTTGGAACAGCCCTTAGCTTACTAATCCGTGCAGAGCTTAGCCAACCTGGCGCCCTGCTCGGTGACGACCAAGTTTACAACGTGATCGTAACAGCTCATGCTTTCGTAATAATCTTCTTTATAGTAATGCCAATTATGATT",2319,"14ben01",1,3
"CCTTTATCTAGTATTCGGTGCTTGGGCTGGGATAGTTGGAACAGCCCTTAGCTTACTAATCCGTGCAGAGCTTAGCCAACCTGGCGCCCTGCTCGGTGACGACCAAGTTTACAACGTGATCGTAACAGCTCATGCTTTCGTAATAATCTTCTTTATAGTAATGCCAATTATGATT",2319,"14ben01",2,7
"CCTTTATCTAGTATTCGGTGCTTGGGCTGGGATAGTTGGAACAGCCCTTAGCTTACTAATCCGTGCAGAGCTTAGCCAACCTGGCGCCCTGCTCGGTGACGACCAAGTTTACAACGTGATCGTAACAGCTCATGCTTTCGTAATAATCTTCTTTATAGTAATGCCAATTATGATT",2319,"14ben01",3,2
"TCTATACCTTATTTTCGGCGCAATTTCAGGTATTGCAGGTACCGCTTTATCTCTTTACATTCGAATTACTTTATCTCAACCTAATGGTAATTTTTTAGAATACAATCACCACTTTTATAATGTGATTATAACGGGTCACGCTCTTCTTATGATTTTTTTCATGGTAATGCCAATCTTGATT",2360,"14ben01",1,5
"TCTATACCTTATTTTCGGCGCAATTTCAGGTATTGCAGGTACCGCTTTATCTCTTTACATTCGAATTACTTTATCTCAACCTAATGGTAATTTTTTAGAATACAATCACCACTTTTATAATGTGATTATAACGGGTCACGCTCTTCTTATGATTTTTTTCATGGTAATGCCAATCTTGATT",2360,"14ben01",2,3
"TCTATACCTTATTTTCGGCGCAATTTCAGGTATTGCAGGTACCGCTTTATCTCTTTACATTCGAATTACTTTATCTCAACCTAATGGTAATTTTTTAGAATACAATCACCACTTTTATAATGTGATTATAACGGGTCACGCTCTTCTTATGATTTTTTTCATGGTAATGCCAATCTTGATT",2360,"14ben01",3,41
"TCTATACCTTATTTTCGGCGCAATTTCAGGTATTGCAGGTACCGCTTTATCTCTTTACATTCGAATTACTTTATCTCAACCTAATGGTAATTTTTTAGAATACAATCACCATTTTTATAATGTGATTATAACGGGTCATGCCCTTCTTATGATTTTTTTCATGGTAATGCCAATCTTGATT",2361,"14ben01",1,5
"TCTATACCTTATTTTCGGCGCAATTTCAGGTATTGCAGGTACCGCTTTATCTCTTTACATTCGAATTACTTTATCTCAACCTAATGGTAATTTTTTAGAATACAATCACCATTTTTATAATGTGATTATAACGGGTCATGCCCTTCTTATGATTTTTTTCATGGTAATGCCAATCTTGATT",2361,"14ben01",2,2
"TCTATACCTTATTTTCGGCGCAATTTCAGGTATTGCAGGTACCGCTTTATCTCTTTACATTCGAATTACTTTATCTCAACCTAATGGTAATTTTTTAGAATACAATCACCATTTTTATAATGTGATTATAACGGGTCATGCCCTTCTTATGATTTTTTTCATGGTAATGCCAATCTTGATT",2361,"14ben01",3,1
"TCTATATTGCATTTTTGGTGCCATTGCTGGAGTTATGGGTACATGCTTTTCAGTACTAATTCGTATGGAATTAGCACAGCCTGGCAATCAAATTCTTGGTGGAAATCATCAACTTTATAATGTGTTAATAACAGCTCACGCTTTTTTAATGATCTTCTTTATGGTCATGCCTGCGATGATA",2367,"14ben01",1,10
"TCTATATTGCATTTTTGGTGCCATTGCTGGAGTTATGGGTACATGCTTTTCAGTACTAATTCGTATGGAATTAGCACAGCCTGGCAATCAAATTCTTGGTGGAAATCATCAACTTTATAATGTGTTAATAACAGCTCACGCTTTTTTAATGATCTTCTTTATGGTCATGCCTGCGATGATA",2367,"14ben01",3,1
"TCTATATTTCATCTTCGGTGCTATTGCTGGAGTGATGGGCACATGCTTCTCAGTACTGATTCGTATGGAATTAGCACGACCCGGCGATCAAATTCTTGGTGGGAATCATCAACTTTATAATGTTTTAATAACGGCTCACGCTTTTTTAATGATCTTTTTTATGGTTATGCCGGCGATGATA",2369,"14ben01",1,1
"TCTATATTTCATTTTTGGTGCTTGGGCAGGTATGGTAGGGACCTCATTAAGACTTTTAATTCGAGCCGAGTTGGGTAACCCGGGTTCATTAATTGGGGACGATCAAATTTATAACGTAATCGTAACTGCTCATGCCTTTATTATGATTTTTTTTATAGTGATACCTATTATAATT",1824,"14ben01",1,4
"TCTATATTTCATTTTTGGTGCTTGGGCAGGTATGGTAGGGACCTCATTAAGACTTTTAATTCGAGCCGAGTTGGGTAACCCGGGTTCATTAATTGGGGACGATCAAATTTATAACGTAATCGTAACTGCTCATGCCTTTATTATGATTTTTTTTATAGTGATACCTATTATAATT",1824,"14ben01",2,11
"TCTATATTTCATTTTTGGTGCTTGGGCAGGTATGGTAGGGACCTCATTAAGACTTTTAATTCGAGCCGAGTTGGGTAACCCGGGTTCATTAATTGGGGACGATCAAATTTATAACGTAATCGTAACTGCTCATGCCTTTATTATGATTTTTTTTATAGTGATACCTATTATAATT",1824,"14ben01",3,9
"TCTCTATTTCATCTTCGGTGCCATTGCAGGAGTGATGGGCACATGCTTCTCCGTACTGATTCGTATGGAATTAGCCCGACCCGGCGATCAAATTCTTGGTGGGAATCATCAACTTTATAATGTTTTAATAACGGCTCATGCTTTTTTAATGATCTTTTTTATGGTTATGCCGGCGATGATA",6432,"14ben01",2,37
"TCTTTACCTAATTTTTGCTGCAGCTGCTGGAATTGCAGGAACAGTTTTATCATTATATATTAGAGCTACCTTATCTTCTCCTAATTCTAATTTTTTAGAATATAATCATCACTTATACAATGTAATTGTTACTGGGCATGCATTTATTATGATTTTTTTTTTAGTAATGCCTGCTTTAATA",3308,"14ben01",2,68
"TCTTTACCTAATTTTTGCTGCAGCTGCTGGAATTGCAGGAACAGTTTTATCATTATATATTAGAGCTACCTTATCTTCTCCTAATTCTAATTTTTTAGAATATAATCATCACTTATACAATGTAATTGTTACTGGGCATGCATTTATTATGATTTTTTTTTTAGTAATGCCTGCTTTAATA",3308,"14ben01",3,64
"TCTTTACTTAATTTTTGGTGCTATTTCTGGTGTAGCTGGAACTGCTTTATCACTTTACATCAGATTTACATTATCTCAACCAAACTCGAGTTTTTTAGAATATAACCACCATTTATATAATGTAATTGTTACAGGACATGCACTTATAATGGTTTTTTTTGTAGTAATGCCTATTTTAATT",2380,"14ben01",1,41
"TCTTTACTTAATTTTTGGTGCTATTTCTGGTGTAGCTGGAACTGCTTTATCACTTTACATCAGATTTACATTATCTCAACCAAACTCGAGTTTTTTAGAATATAACCACCATTTATATAATGTAATTGTTACAGGACATGCACTTATAATGGTTTTTTTTGTAGTAATGCCTATTTTAATT",2380,"14ben01",3,1
"TCTTTATTTAATATTTGGTGCCATTGCTGCCGTTGCAGGAACCACTCTTTCGTTATATATTAGAGCTACTTTAGCGGAACCAAATTCAAGTTTTCTAGAATACAATCATCATTTGTATAATGTAATTGTTACAGGACATGCTTTTATTATGGTTTTTTTTGTAGTAATGCCTATTTTAATC",3675,"14ben01",3,1
"TCTTTATTTATTATTCTCAGTAGTGTCTGGTGTTGCTGGTAGTTTTCTATCTTTTTATATCCGGTTATTATTGTCTAATCCAAATTCTAATATTCTATACTATAACAATCACCTCTATAATGTAATAGTAACTGGCCATGCAATTCTTATGATTTTTTTCTTAATTATGCCTGCTATGATA",2389,"14ben01",1,2
"TCTTTATTTATTATTCTCAGTAGTGTCTGGTGTTGCTGGTAGTTTTCTATCTTTTTATATCCGGTTATTATTGTCTAATCCAAATTCTAATATTCTATACTATAACAATCACCTCTATAATGTAATAGTAACTGGCCATGCAATTCTTATGATTTTTTTCTTAATTATGCCTGCTATGATA",2389,"14ben01",2,2
"TTTATACCTTATTTTTGGCGCAATTTCAGGTATTGCAGGTACTGCTTTATCTCTTTACATTCGAATTACCTTATCTCAACCTAACGGTAATTTTCTAGAATATAATCACCATTTTTATAATGTGATTATAACAGGTCACGCCCTTCTTATGATCTTTTTCATGGTAATGCCAATCTTGATT",3777,"14ben01",3,6
"TTTATACTTATTATTTGCTGTTTTAGCAGGAGTTGTAGGAACATATTTTTCTGCTTTAATCAGAATAGAGTTAGCATATCCTGGTAATGGAATTTTTAACGGTAATTTTCAACTTTATAATGTTGTAGTAACAGCGCATGCTTTTATTATGATTTTCTTTTTAGTAATGCCAGCAATGATT",3848,"14ben01",2,1
"TTTATACTTATTATTTGCTGTTTTAGCAGGAGTTGTAGGAACATATTTTTCTGCTTTAATCAGAATAGAGTTAGCATATCCTGGTAATGGAATTTTTAACGGTAATTTTCAACTTTATAATGTTGTAGTAACAGCGCATGCTTTTATTATGATTTTCTTTTTAGTAATGCCAGCAATGATT",3848,"14ben01",3,1
"TTTATACTTTATCTTAGGAGCTTGGGCTAGTGTTGTTGGCACTTCCATGAGAGTAATTATTCGCTCAGAACTAAGTACACCTGGTAATTTAATCGATGACGACCAACTATATAACGTAATAGTTACCGCTCACGCTTTTGTAATAATTTTTTTTATAGTTATGCCTATTATAATT",2446,"14ben01",1,253
"TTTATACTTTATCTTAGGAGCTTGGGCTAGTGTTGTTGGCACTTCCATGAGAGTAATTATTCGCTCAGAACTAAGTACACCTGGTAATTTAATCGATGACGACCAACTATATAACGTAATAGTTACCGCTCACGCTTTTGTAATAATTTTTTTTATAGTTATGCCTATTATAATT",2446,"14ben01",2,155
"TTTATACTTTATCTTAGGAGCTTGGGCTAGTGTTGTTGGCACTTCCATGAGAGTAATTATTCGCTCAGAACTAAGTACACCTGGTAATTTAATCGATGACGACCAACTATATAACGTAATAGTTACCGCTCACGCTTTTGTAATAATTTTTTTTATAGTTATGCCTATTATAATT",2446,"14ben01",3,267
"TTTATATTTCATTTCTGGTGCATGATCAGGTATGGTGGGTACTTCCCTTAGTATACTTATTCGAGCCGAATTAGGACACCCAGGATCTCTAATTGGAGACGACCAAATTTATAATGTAATTGTTACTGCTCATGCTTTTGTAATAATTTTTTTTATAGTTATACCAATTATAATT",8894,"14ben01",2,3
"TTTATATTTCATTTCTGGTGCATGATCAGGTATGGTGGGTACTTCCCTTAGTATACTTATTCGAGCCGAATTAGGACACCCAGGATCTCTAATTGGAGACGACCAAATTTATAATGTAATTGTTACTGCTCATGCTTTTGTAATAATTTTTTTTATAGTTATACCAATTATAATT",8894,"14ben01",3,1
"TTTATATTTCATTTTTGGTGCATGATCAGGTATGGTGGGTACTTCCCTTAGTTTATTAATTCGAGCAGAACTTGGTAATCCTGGTTCTTTGATTGGTGATGATCAGATTTATAACGTTATTGTCACTGCCCATGCTTTTATTATGATTTTTTTTATAGTGATACCTATTATAATT",2284,"14ben01",1,7000
"TTTATATTTCATTTTTGGTGCATGATCAGGTATGGTGGGTACTTCCCTTAGTTTATTAATTCGAGCAGAACTTGGTAATCCTGGTTCTTTGATTGGTGATGATCAGATTTATAACGTTATTGTCACTGCCCATGCTTTTATTATGATTTTTTTTATAGTGATACCTATTATAATT",2284,"14ben01",2,7095
"TTTATATTTCATTTTTGGTGCATGATCAGGTATGGTGGGTACTTCCCTTAGTTTATTAATTCGAGCAGAACTTGGTAATCCTGGTTCTTTGATTGGTGATGATCAGATTTATAACGTTATTGTCACTGCCCATGCTTTTATTATGATTTTTTTTATAGTGATACCTATTATAATT",2284,"14ben01",3,12897
"TTTATATTTCATTTTTGGTGCTTGGGCAGGTATGGTAGGGACCTCATTAAGACTTTTAATTCGAGCCGAGTTGGGTAACCCGGGTTCATTAATTGGGGACGATCAAATTTATAACGTAATCGTAACTGCCCATGCCTTTATTATGATTTTTTTTATAGTGATACCTATTATAATT",3042,"14ben01",1,1
"TTTATATTTCATTTTTGGTGCTTGGGCAGGTATGGTAGGGACCTCATTAAGACTTTTAATTCGAGCCGAGTTGGGTAACCCGGGTTCATTAATTGGGGACGATCAAATTTATAACGTAATCGTAACTGCCCATGCCTTTATTATGATTTTTTTTATAGTGATACCTATTATAATT",3042,"14ben01",2,5
"TTTATATTTCATTTTTGGTGCTTGGGCAGGTATGGTAGGGACCTCATTAAGACTTTTAATTCGAGCCGAGTTGGGTAACCCGGGTTCATTAATTGGGGACGATCAAATTTATAACGTAATCGTAACTGCCCATGCCTTTATTATGATTTTTTTTATAGTGATACCTATTATAATT",3042,"14ben01",3,4
"TTTATATTTTATTTTTGGAGCCTGAGCTGGAATAGTAGGTACTTCCCTTAGTATACTTATTCGAGCCGAATTAGGACACCCAGGATCTCTAATTGGAGACGACCAAATTTATAATGTAATTGTTACTGCTCATGCTTTTGTAATAATTTTTTTTATAGTTATACCAATTATAATT",2302,"14ben01",2,4
"TTTATATTTTATTTTTGGAGCCTGAGCTGGAATAGTAGGTACTTCCCTTAGTATACTTATTCGAGCCGAATTAGGACACCCAGGATCTCTAATTGGAGACGACCAAATTTATAATGTAATTGTTACTGCTCATGCTTTTGTAATAATTTTTTTTATAGTTATACCAATTATAATT",2302,"14ben01",3,6
"TTTATATTTTATTTTTGGTATTTGATCAGGTATAGTGGGTACTTCTTTGAGCTTAATAATTCGTACAGAATTAGGTCAGCCAGGTTATTTAATTGGAGATGACCAAATTTATAATGTTATTGTAACTGCTCATGCTTTTATTATAATTTTCTTTATAGTTATACCTATTATAATT",2311,"14ben01",1,1
"TTTATATTTTATTTTTGGTATTTGATCAGGTATAGTGGGTACTTCTTTGAGCTTAATAATTCGTACAGAATTAGGTCAGCCAGGTTATTTAATTGGAGATGACCAAATTTATAATGTTATTGTAACTGCTCATGCTTTTATTATAATTTTCTTTATAGTTATACCTATTATAATT",2311,"14ben01",3,1
"TTTATATTTTATTTTTGGTGTTTGAGCCGGAATAATTGGCTTAAGAATAAGCCTGCTAATTCGTTTAGAGCTTGGGGTTTTAGGGCCTTTTCTTGGAGACGAGCATTTGTATAACGTTATTGTTACTGCCCATGCTTTTGTTATAATTTTCTTTATAGTTATACCAATTTCTATA",3054,"14ben01",1,2
"AAGATATAGAAGATTTGGATGTGTTGCGGGTGTAGTAGGAACAACTAGATCTGTGTGGATGCGGAGAGAACTGGGAAGACCAGGAACACAAGTAAGAGGAGGGAATGCACAAAGATATAATGTAATTGTAACTGCACATGCATTTGTGATGATTTTTTATTTTGTGATGCCGTTGATGATT",6894,"14ben02",2,18
"AAGATATAGGAGGTTTGGAACAAGGTCGGGAATTGTGGGGACGGTAAGGTCTGTAAGGATGCGAAGAGAATTGGGAAGTACTGGGTCGCAAAGGAGGGCAGGAAATAATCAGAGGTATAACGTAATTGTGACGGCACATGCGTTTGTGATGATTTTTTATTTTGTGATGCCATTAATGATT",3068,"14ben02",1,5
"ACTATATTTAATTTTTGCTGCAATTTCTGGTGTAGCAGGAACTACGCTTTCATTGTTTATTAGAGCTACATTAGCGACACCAAATTCTGGTGTTTTAGATTATAATTACCATTTGTATAATGTTATAGTTACGGGTCATGCTTTTTTGATGATCTTTTTTTTAGTAATGCCTGCTTTATTG",2345,"14ben02",1,122
"ACTATATTTAATTTTTGCTGCAATTTCTGGTGTAGCAGGAACTACGCTTTCATTGTTTATTAGAGCTACATTAGCGACACCAAATTCTGGTGTTTTAGATTATAATTACCATTTGTATAATGTTATAGTTACGGGTCATGCTTTTTTGATGATCTTTTTTTTAGTAATGCCTGCTTTATTG",2345,"14ben02",2,74
"ACTATATTTAATTTTTGCTGCAATTTCTGGTGTAGCAGGAACTACGCTTTCATTGTTTATTAGAGCTACATTAGCGACACCAAATTCTGGTGTTTTAGATTATAATTACCATTTGTATAATGTTATAGTTACGGGTCATGCTTTTTTGATGATCTTTTTTTTAGTAATGCCTGCTTTATTG",2345,"14ben02",3,31
"ACTATATTTCATTTTTGGGGCCTGAGCAGGTATAGTAGGGACGTCTTTAAGACTCCTTATTCGAGCTGAATTAGGACAACCAGGATCCCTGATTGGTGATGACCAAATTTATAATGTCATCGTAACAGCACACGCATTTGTAATAATTTTTTTTATAGTAATGCCTATTATAATT",3098,"14ben02",1,4
"ACTTTATTTTATTTTCGGAGCGTGGTCGGGGATGGTAGGCACATCTCTGAGTCTTTTAATTCGAGCCGAATTGGGTAATCCTGGTTCACTAATTGGGGATGACCAGATTTACAACGTTATTGTAACAGCCCATGCTTTTATTATGATTTTTTTTATAGTAATGCCAATTATGATT",251,"14ben02",1,10
"ATTATATCTAATTTTTTCTCTATTTTCAGGGTTATTAGGAACAGCTTTCTCTGTTTTAATAAGACTAGAGCTTAGTGGACCAGGTGTACAATTTATTTCAAATAATCAATTATATAATAGTGTTATTACAGCTCATGCTATATTAATGATATTCTTTATGGTTATGCCTGCATTAATT",9486,"14ben02",3,69
"ATTATATTTAATTTTTGGTGCTCTTGCTGGAGTAATTGGAACTCTATTTTCTGTATTAATTAGATTACAATTATCTTACGCTGATTCAACAGTACTTCAAAATAACAGTCAATTATACAATGTTATTGTAACTGCTCACGCATTTGTAATGATATTCTTCCTTGTAATGCCTGTTCTTATT",3114,"14ben02",1,92
"ATTATATTTAATTTTTGGTGCTCTTGCTGGAGTAATTGGAACTCTATTTTCTGTATTAATTAGATTACAATTATCTTACGCTGATTCAACAGTACTTCAAAATAACAGTCAATTATACAATGTTATTGTAACTGCTCACGCATTTGTAATGATATTCTTCCTTGTAATGCCTGTTCTTATT",3114,"14ben02",3,51
"ATTATATTTATTATTTGCTGTATTAGCAGGTATTGTTGGAACTTATTTTTCTGCTTTAATTAGAATGGAATTAGCATGTCCTGGAAATGGTATTTTTAATGGAGATTATCAATTATATAATGTAGTTGTTACAGCGCATGCCTTTATTATGATTTTTTTTTTAGTAATGCCAGCAATGATT",9506,"14ben02",3,9
"ATTGTATGTAATCTTTGGTGCTTTTTCAGGTGTTCTAGGAACCACAATGTCTGTCTTGATCCGATTAGAATTGGCAAATCCAGGTAATCAATTGTTTGCAGGAAATCATCAACTTTATAACGTGATCATTACGGCGCACGCCTTCTTAATGATTTTCTTCATGTTGATGCCAATTTTAATT",3140,"14ben02",1,93
"ATTGTATGTAATCTTTGGTGCTTTTTCAGGTGTTCTAGGAACCACAATGTCTGTCTTGATCCGATTAGAATTGGCAAATCCAGGTAATCAATTGTTTGCAGGAAATCATCAACTTTATAACGTGATCATTACGGCGCACGCCTTCTTAATGATTTTCTTCATGTTGATGCCAATTTTAATT",3140,"14ben02",2,49
"ATTGTATGTAATCTTTGGTGCTTTTTCAGGTGTTCTAGGAACCACAATGTCTGTCTTGATCCGATTAGAATTGGCAAATCCAGGTAATCAATTGTTTGCAGGAAATCATCAACTTTATAACGTGATCATTACGGCGCACGCCTTCTTAATGATTTTCTTCATGTTGATGCCAATTTTAATT",3140,"14ben02",3,72
"CCTATACCTAGTATTTGCAGTATTTGCAGGTATAATTGGTACAGCATTTTCAGTACTAATTCGTATGGAACTTGCAGCACCAGGAGTACAATATCTTAACGGAGATCACCAACTTTATAATGTAGTTATTACTGCACATGCGCTAATTATGATTTTCTTTATGGTTATGCCTGCTCTCGTG",649,"14ben02",1,29
"CCTATACCTAGTATTTGCAGTATTTGCAGGTATAATTGGTACAGCATTTTCAGTACTAATTCGTATGGAACTTGCAGCACCAGGAGTACAATATCTTAACGGAGATCACCAACTTTATAATGTAGTTATTACTGCACATGCGCTAATTATGATTTTCTTTATGGTTATGCCTGCTCTCGTG",649,"14ben02",3,3
"CCTTTATCTAGTATTCGGTGCTTGGGCAGGTATGGTAGGGACCTCATTAAGACTTTTAATTCGAGCCGAGTTGGGTAACCCGGGTTCATTAATTGGGGACGATCAAATTTATAACGTAATCGTAACTGCCCATGCCTTTATTATGATTTTTTTTATAGTGATACCTATTATAATT",2348,"14ben02",1,6
"CCTTTATCTAGTATTCGGTGCTTGGGCAGGTATGGTAGGGACCTCATTAAGACTTTTAATTCGAGCCGAGTTGGGTAACCCGGGTTCATTAATTGGGGACGATCAAATTTATAACGTAATCGTAACTGCCCATGCCTTTATTATGATTTTTTTTATAGTGATACCTATTATAATT",2348,"14ben02",2,1
"CCTTTATCTAGTATTCGGTGCTTGGGCAGGTATGGTAGGGACCTCATTAAGACTTTTAATTCGAGCCGAGTTGGGTAACCCGGGTTCATTAATTGGGGACGATCAAATTTATAACGTAATCGTAACTGCCCATGCCTTTATTATGATTTTTTTTATAGTGATACCTATTATAATT",2348,"14ben02",3,4
"CCTTTATCTAGTATTCGGTGCTTGGGCTGGGATAGTTGGAACAGCCCTTAGCTTACTAATCCGTGCAGAGCTTAGCCAACCTGGCGCCCTGCTCGGTGACGACCAAGTTTACAACGTGATCGTAACAGCTCATGCTTTCGTAATAATCTTCTTTATAGTAATGCCAATTATGATT",2319,"14ben02",1,3
"CCTTTATCTAGTATTCGGTGCTTGGGCTGGGATAGTTGGAACAGCCCTTAGCTTACTAATCCGTGCAGAGCTTAGCCAACCTGGCGCCCTGCTCGGTGACGACCAAGTTTACAACGTGATCGTAACAGCTCATGCTTTCGTAATAATCTTCTTTATAGTAATGCCAATTATGATT",2319,"14ben02",2,3
"CCTTTATCTAGTATTCGGTGCTTGGGCTGGGATAGTTGGAACAGCCCTTAGCTTACTAATCCGTGCAGAGCTTAGCCAACCTGGCGCCCTGCTCGGTGACGACCAAGTTTACAACGTGATCGTAACAGCTCATGCTTTCGTAATAATCTTCTTTATAGTAATGCCAATTATGATT",2319,"14ben02",3,6
"CTTGTACATGATTTTCGGAACGTTGGCCGGAGTGGTCGGAACGACGTTGTCGGTATGGATGCGAATGGAATTGGCGGCACCGGGAGTGCAAGCATTGTCGGGAAACCATCAGTTGTATAACGTGATGGTGACGGCACATGCCTTCATCATGATTTTCTTCTTCGTGATGCCCTTTTTGATT",1717,"14ben02",2,2
"CTTGTACATGATTTTCGGAACGTTGGCCGGAGTGGTCGGAACGACGTTGTCGGTATGGATGCGAATGGAATTGGCGGCACCGGGAGTGCAAGCATTGTCGGGAAACCATCAGTTGTATAACGTGATGGTGACGGCACATGCCTTCATCATGATTTTCTTCTTCGTGATGCCCTTTTTGATT",1717,"14ben02",3,14
"CTTGTATGTGATCTTTGGTGCTTTTTCAGGTGTTCTAGGAACCACAATGTCTGTATTGATCCGATTGGAATTGGCAAATCCAGGAAACCAATTGTTTGCTGGAAATCACCAACTTTATAACGTGATTATTACAGCGCATGCTTTCTTGATGATTTTCTTCATGCTAATGCCAATTTTAATT",3178,"14ben02",1,21
"CTTGTATGTGATCTTTGGTGCTTTTTCAGGTGTTCTAGGAACCACAATGTCTGTATTGATCCGATTGGAATTGGCAAATCCAGGAAACCAATTGTTTGCTGGAAATCACCAACTTTATAACGTGATTATTACAGCGCATGCTTTCTTGATGATTTTCTTCATGCTAATGCCAATTTTAATT",3178,"14ben02",3,15
"CTTGTATTTAATTTTTGCTGCAATTTCTGGTGTAGCAGGAACTGCACTTTCACTGTTTATCAGAGCTACATTAGCTAGCCCAAATTCTGGTGCTCTAGATTATAATTACCATTTATATAATGTTATAGTTACAGGACACGCTTTCTTGATGATTTTTTTTTTGGTAATGCCTGCCTTAATT",3184,"14ben02",1,12
"GCTCTATTTATTTTTTGGGGCTTTTTCCGGGATAATCGGGACCATATTTTCTATAATAATTAGATTAGAATTAGCATCACCTGGTAATCAAATTTTATTAGGTAATCATCAATTATATAATGTAATTATAACAGCTCACGCATTTTTAATGATTTTTTTTATGGTTATGCCTATATTAATT",3186,"14ben02",1,9
"GCTCTATTTATTTTTTGGGGCTTTTTCCGGGATAATCGGGACCATATTTTCTATAATAATTAGATTAGAATTAGCATCACCTGGTAATCAAATTTTATTAGGTAATCATCAATTATATAATGTAATTATAACAGCTCACGCATTTTTAATGATTTTTTTTATGGTTATGCCTATATTAATT",3186,"14ben02",2,17
"GCTTTATTTATTATTCGCAGGGTTTTCAGGAGTTCTTGGCACTGTTTTTTCTATGTTAATTCGTATGGAGTTAGCACAACCTGGTAACCAAATATTAAATGGTAATACTCAGTTGTATAATGTCATTATTACAGCACACGCGTTTTTAATGATTTTTTTCATGGTGATGCCGGCAATGATC",3202,"14ben02",1,119
"GTTGTATATGATCTTCGGAACGAGGTCAGGGGTGGTGGGGACAACGAGGTCGATGTGGATGCGAATGGAAAGGGCGGGTACAGGAGTGCAGGCATTGAGTGGGAATCATCAATTGTATAACGTATTGGTAACGGCACATGCGTTCATTATGATTTTCTTCTTTGTGATGCTGTTCTTGATT",6946,"14ben02",2,36
"TCTATACCTTATTTTCGGCGCAATTTCAGGTATTGCAGGTACCGCTTTATCTCTTTACATTCGAATTACTTTATCTCAACCTAATGGTAATTTTTTAGAATACAATCACCACTTTTATAATGTGATTATAACGGGTCACGCTCTTCTTATGATTTTTTTCATGGTAATGCCAATCTTGATT",2360,"14ben02",1,52
"TCTATACCTTATTTTCGGCGCAATTTCAGGTATTGCAGGTACCGCTTTATCTCTTTACATTCGAATTACTTTATCTCAACCTAATGGTAATTTTTTAGAATACAATCACCACTTTTATAATGTGATTATAACGGGTCACGCTCTTCTTATGATTTTTTTCATGGTAATGCCAATCTTGATT",2360,"14ben02",2,33
"TCTATACCTTATTTTCGGCGCAATTTCAGGTATTGCAGGTACCGCTTTATCTCTTTACATTCGAATTACTTTATCTCAACCTAATGGTAATTTTTTAGAATACAATCACCATTTTTATAATGTGATTATAACGGGTCATGCCCTTCTTATGATTTTTTTCATGGTAATGCCAATCTTGATT",2361,"14ben02",1,69
"TCTATACCTTATTTTCGGCGCAATTTCAGGTATTGCAGGTACCGCTTTATCTCTTTACATTCGAATTACTTTATCTCAACCTAATGGTAATTTTTTAGAATACAATCACCATTTTTATAATGTGATTATAACGGGTCATGCCCTTCTTATGATTTTTTTCATGGTAATGCCAATCTTGATT",2361,"14ben02",2,33
"TCTATACCTTATTTTCGGCGCAATTTCAGGTATTGCAGGTACCGCTTTATCTCTTTACATTCGAATTACTTTATCTCAACCTAATGGTAATTTTTTAGAATACAATCACCATTTTTATAATGTGATTATAACGGGTCATGCCCTTCTTATGATTTTTTTCATGGTAATGCCAATCTTGATT",2361,"14ben02",3,11
"TCTATATTTCATCTTCGGTGCTATTGCTGGAGTGATGGGCACATGCTTCTCAGTACTGATTCGTATGGAATTAGCACGACCCGGCGATCAAATTCTTGGTGGGAATCATCAACTTTATAATGTTTTAATAACGGCTCACGCTTTTTTAATGATCTTTTTTATGGTTATGCCGGCGATGATA",2369,"14ben02",2,46
"TCTATATTTCATTTTTGGTGCTTGGGCAGGTATGGTAGGGACCTCATTAAGACTTTTAATTCGAGCCGAGTTGGGTAACCCGGGTTCATTAATTGGGGACGATCAAATTTATAACGTAATCGTAACTGCTCATGCCTTTATTATGATTTTTTTTATAGTGATACCTATTATAATT",1824,"14ben02",1,73
"TCTATATTTCATTTTTGGTGCTTGGGCAGGTATGGTAGGGACCTCATTAAGACTTTTAATTCGAGCCGAGTTGGGTAACCCGGGTTCATTAATTGGGGACGATCAAATTTATAACGTAATCGTAACTGCTCATGCCTTTATTATGATTTTTTTTATAGTGATACCTATTATAATT",1824,"14ben02",2,62
"TCTATATTTCATTTTTGGTGCTTGGGCAGGTATGGTAGGGACCTCATTAAGACTTTTAATTCGAGCCGAGTTGGGTAACCCGGGTTCATTAATTGGGGACGATCAAATTTATAACGTAATCGTAACTGCTCATGCCTTTATTATGATTTTTTTTATAGTGATACCTATTATAATT",1824,"14ben02",3,140
"TCTCTATTTCATCTTCGGTGCCATTGCTGGAGTGATGGGCACATGCTTCTCAGTACTGATTCGTATGGAATTAGCACGACCCGGCGATCAAATTCTTGGTGGGAATCATCAACTTTATAATGTTTTAATAACGGCTCACGCTTTTTTAATGATCTTTTTTATGGTTATGCCGGCGATGATA",3275,"14ben02",1,20
"TCTCTATTTCATCTTCGGTGCCATTGCTGGAGTGATGGGCACATGCTTCTCAGTACTGATTCGTATGGAATTAGCACGACCCGGCGATCAAATTCTTGGTGGGAATCATCAACTTTATAATGTTTTAATAACGGCTCACGCTTTTTTAATGATCTTTTTTATGGTTATGCCGGCGATGATA",3275,"14ben02",3,22
"TCTTTACCTAATTTTTGCTGCAGCTGCTGGAATTGCAGGAACAGTTTTATCATTATATATTAGAGCTACCTTATCTTCTCCTAATTCTAATTTTTTAGAATATAATCATCACTTATACAATGTAATTGTTACTGGGCATGCATTTATTATGATTTTTTTTTTAGTAATGCCTGCTTTAATA",3308,"14ben02",1,143
"TCTTTACCTAATTTTTGCTGCAGCTGCTGGAATTGCAGGAACAGTTTTATCATTATATATTAGAGCTACCTTATCTTCTCCTAATTCTAATTTTTTAGAATATAATCATCACTTATACAATGTAATTGTTACTGGGCATGCATTTATTATGATTTTTTTTTTAGTAATGCCTGCTTTAATA",3308,"14ben02",2,111
"TCTTTACCTAATTTTTGCTGCAGCTGCTGGAATTGCAGGAACAGTTTTATCATTATATATTAGAGCTACCTTATCTTCTCCTAATTCTAATTTTTTAGAATATAATCATCACTTATACAATGTAATTGTTACTGGGCATGCATTTATTATGATTTTTTTTTTAGTAATGCCTGCTTTAATA",3308,"14ben02",3,195
"TCTTTACTTAATTTTTGGTGCTATTTCTGGTGTAGCTGGAACTGCTTTATCACTTTACATCAGATTTACATTATCTCAACCAAACTCGAGTTTTTTAGAATATAACCACCATTTATATAATGTAATTGTTACAGGACATGCACTTATAATGGTTTTTTTTGTAGTAATGCCTATTTTAATT",2380,"14ben02",1,2343
"TCTTTACTTAATTTTTGGTGCTATTTCTGGTGTAGCTGGAACTGCTTTATCACTTTACATCAGATTTACATTATCTCAACCAAACTCGAGTTTTTTAGAATATAACCACCATTTATATAATGTAATTGTTACAGGACATGCACTTATAATGGTTTTTTTTGTAGTAATGCCTATTTTAATT",2380,"14ben02",2,1940
"TCTTTACTTAATTTTTGGTGCTATTTCTGGTGTAGCTGGAACTGCTTTATCACTTTACATCAGATTTACATTATCTCAACCAAACTCGAGTTTTTTAGAATATAACCACCATTTATATAATGTAATTGTTACAGGACATGCACTTATAATGGTTTTTTTTGTAGTAATGCCTATTTTAATT",2380,"14ben02",3,3503
"TCTTTATATTGTTTTTGGAGCATTCGCAGGATTAGTAGGTCTTTCGATGAGTATGTTAATTAGAATGGAATTAGGAGCACCAGGTCCTCAAATTCTAAATGGTGATTATCACCTATATAATGTATTAGTAACAGCACATGCCTTCCTTATGATTTTCTTCATGGTTATGCCAGTATTAATT",7183,"14ben02",2,6
"TCTTTATTTAATATTCGGAACATTTTCAGGAGTTTTGGGTACATGACTATCAGTCATGATACGACTAGAACTTGCGTATCCAGGTAATCAATTTTTTTGGGGAAACCACCATATTTATAATGTTATTGTTACAGCGCATGCTATAGTCATGATTTTTTTTATGGTCACGCCTATTTTAATA",3650,"14ben02",1,6
"TCTTTATTTAATATTCGGAACATTTTCAGGAGTTTTGGGTACATGACTATCAGTCATGATACGACTAGAACTTGCGTATCCAGGTAATCAATTTTTTTGGGGAAACCACCATATTTATAATGTTATTGTTACAGCGCATGCTATAGTCATGATTTTTTTTATGGTCACGCCTATTTTAATA",3650,"14ben02",2,25
"TCTTTATTTAATATTCGGAACATTTTCAGGAGTTTTGGGTACATGACTATCAGTCATGATACGACTAGAACTTGCGTATCCAGGTAATCAATTTTTTTGGGGAAACCACCATATTTATAATGTTATTGTTACAGCGCATGCTATAGTCATGATTTTTTTTATGGTCACGCCTATTTTAATA",3650,"14ben02",3,25
"TCTTTATTTAATATTTGGTGCCATTGCTGCCGTTGCAGGAACCACTCTTTCGTTATATATTAGAGCTACTTTAGCGGAACCAAATTCAAGTTTTCTAGAATACAATCATCATTTGTATAATGTAATTGTTACAGGACATGCTTTTATTATGGTTTTTTTTGTAGTAATGCCTATTTTAATC",3675,"14ben02",1,222
"TCTTTATTTAATATTTGGTGCCATTGCTGCCGTTGCAGGAACCACTCTTTCGTTATATATTAGAGCTACTTTAGCGGAACCAAATTCAAGTTTTCTAGAATACAATCATCATTTGTATAATGTAATTGTTACAGGACATGCTTTTATTATGGTTTTTTTTGTAGTAATGCCTATTTTAATC",3675,"14ben02",2,32
"TCTTTATTTAATATTTGGTGCCATTGCTGCCGTTGCAGGAACCACTCTTTCGTTATATATTAGAGCTACTTTAGCGGAACCAAATTCAAGTTTTCTAGAATACAATCATCATTTGTATAATGTAATTGTTACAGGACATGCTTTTATTATGGTTTTTTTTGTAGTAATGCCTATTTTAATC",3675,"14ben02",3,166
"TCTTTATTTAATCTTCGGAGCTATTGCCGGAGTGGCTGGTACTACTCTTTCTATTCTTATTAGATTAGAACTAGCTCAGCCTGGAAATCAATTTTTATCAGGAAATAATCAATTATATAATGTAATTGTTACAGGTCATGCTTTTGTAATGATTTTTTTTATGGTTATGCCTGTTCTTATT",3694,"14ben02",1,36
"TCTTTATTTATTATTCTCAGTAGTGTCTGGTGTTGCTGGTAGTTTTCTATCTTTTTATATCCGGTTATTATTGTCTAATCCAAATTCTAATATTCTATACTATAACAATCACCTCTATAATGTAATAGTAACTGGCCATGCAATTCTTATGATTTTTTTTTTAATTATGCCTGCTATGATA",3709,"14ben02",1,59
"TCTTTATTTATTATTCTCAGTAGTGTCTGGTGTTGCTGGTAGTTTTCTATCTTTTTATATCCGGTTATTATTGTCTAATCCAAATTCTAATATTCTATACTATAACAATCACCTCTATAATGTAATAGTAACTGGCCATGCAATTCTTATGATTTTTTTTTTAATTATGCCTGCTATGATA",3709,"14ben02",3,12
"TTTATACATTATCTTTGGAGGTATTGCTGGTGTGGCTGGAACCGCATTATCTCTTTATATTCGAATTACTTTATCACAACCTAACGGAAGTTTTTTAGAGTATAATCATAATTTTTATAACGTAATTGTAACAGGTCATGCATTTGTTATGATTTTTTTTATGGTTATGCCCGTACTGATT",3734,"14ben02",1,41
"TTTATACATTATCTTTGGAGGTATTGCTGGTGTGGCTGGAACCGCATTATCTCTTTATATTCGAATTACTTTATCACAACCTAACGGAAGTTTTTTAGAGTATAATCATAATTTTTATAACGTAATTGTAACAGGTCATGCATTTGTTATGATTTTTTTTATGGTTATGCCCGTACTGATT",3734,"14ben02",2,3
"TTTATACCTTATCTTTGGAGCAATTTCTGGAATTGCAGGAACTGCTTTATCACTTTATATTCGAATAACTTTATCTCAACCAAATAGTTCGTTTTTAGAATATAACCATCATTTTTATAACGTGATGGTAACAGGTCACGCTCTTTTAATGATTTTTTTCATGGTAATGCCCATTTTAATT",3753,"14ben02",1,65
"TTTATACCTTATCTTTGGAGCAATTTCTGGAATTGCAGGAACTGCTTTATCACTTTATATTCGAATAACTTTATCTCAACCAAATAGTTCGTTTTTAGAATATAACCATCATTTTTATAACGTGATGGTAACAGGTCACGCTCTTTTAATGATTTTTTTCATGGTAATGCCCATTTTAATT",3753,"14ben02",2,18
"TTTATACCTTATTTTCGGCGCAATTTCAGGTATTGCAGGTACCGCTTTATCTCTTTACATTCGAATTACTTTATCTCAACCTAATGGTAATTTTTTAGAATACAATCACCATTTTTATAATGTGATTATAACGGGCCACGCCCTTCTTATGATTTTTTTCATGGTAATGCCAATCTTGATT",3762,"14ben02",1,31
"TTTATACCTTATTTTCGGCGCAATTTCAGGTATTGCAGGTACCGCTTTATCTCTTTACATTCGAATTACTTTATCTCAACCTAATGGTAATTTTTTAGAATACAATCACCATTTTTATAATGTGATTATAACGGGCCACGCCCTTCTTATGATTTTTTTCATGGTAATGCCAATCTTGATT",3762,"14ben02",2,25
"TTTATACCTTATTTTCGGCGCAATTTCAGGTATTGCAGGTACCGCTTTATCTCTTTACATTCGAATTACTTTATCTCAACCTAATGGTAATTTTTTAGAATACAATCACCATTTTTATAATGTGATTATAACGGGCCACGCCCTTCTTATGATTTTTTTCATGGTAATGCCAATCTTGATT",3762,"14ben02",3,46
"TTTATACCTTATTTTTGGCGCAATTTCAGGTATTGCAGGTACTGCTTTATCTCTTTACATTCGAATTACCTTATCTCAACCTAACGGTAATTTTCTAGAATATAATCACCATTTTTATAATGTGATTATAACAGGTCACGCCCTTCTTATGATCTTTTTCATGGTAATGCCAATCTTGATT",3777,"14ben02",1,85
"TTTATACCTTATTTTTGGCGCAATTTCAGGTATTGCAGGTACTGCTTTATCTCTTTACATTCGAATTACCTTATCTCAACCTAACGGTAATTTTCTAGAATATAATCACCATTTTTATAATGTGATTATAACAGGTCACGCCCTTCTTATGATCTTTTTCATGGTAATGCCAATCTTGATT",3777,"14ben02",3,26
"TTTATACTTATTATTTGCTGTTTTAGCAGGAGTTGTAGGAACATATTTTTCTGCTTTAATCAGAATAGAGTTAGCATATCCTGGTAATGGAATTTTTAACGGTAATTTTCAACTTTATAATGTTGTAGTAACAGCGCATGCTTTTATTATGATTTTCTTTTTAGTAATGCCAGCAATGATT",3848,"14ben02",1,323
"TTTATACTTATTATTTGCTGTTTTAGCAGGAGTTGTAGGAACATATTTTTCTGCTTTAATCAGAATAGAGTTAGCATATCCTGGTAATGGAATTTTTAACGGTAATTTTCAACTTTATAATGTTGTAGTAACAGCGCATGCTTTTATTATGATTTTCTTTTTAGTAATGCCAGCAATGATT",3848,"14ben02",2,235
"TTTATACTTATTATTTGCTGTTTTAGCAGGAGTTGTAGGAACATATTTTTCTGCTTTAATCAGAATAGAGTTAGCATATCCTGGTAATGGAATTTTTAACGGTAATTTTCAACTTTATAATGTTGTAGTAACAGCGCATGCTTTTATTATGATTTTCTTTTTAGTAATGCCAGCAATGATT",3848,"14ben02",3,823
"TTTATACTTTATCTTAGGAGCTTGGGCTAGTGTTGTTGGCACTTCCATGAGAGTAATTATTCGCTCAGAACTAAGTACACCTGGTAATTTAATCGATGACGACCAACTATATAACGTAATAGTTACCGCTCACGCTTTTGTAATAATTTTTTTTATAGTTATGCCTATTATAATT",2446,"14ben02",1,2118
"TTTATACTTTATCTTAGGAGCTTGGGCTAGTGTTGTTGGCACTTCCATGAGAGTAATTATTCGCTCAGAACTAAGTACACCTGGTAATTTAATCGATGACGACCAACTATATAACGTAATAGTTACCGCTCACGCTTTTGTAATAATTTTTTTTATAGTTATGCCTATTATAATT",2446,"14ben02",2,1187
"TTTATACTTTATCTTAGGAGCTTGGGCTAGTGTTGTTGGCACTTCCATGAGAGTAATTATTCGCTCAGAACTAAGTACACCTGGTAATTTAATCGATGACGACCAACTATATAACGTAATAGTTACCGCTCACGCTTTTGTAATAATTTTTTTTATAGTTATGCCTATTATAATT",2446,"14ben02",3,1702
"TTTATACTTTATTTTCGGGGCTTGAGCTGGAATAGTAGGTACATCTCTTAGATTATTAATTCGTGCCGAACTTGGTAATCCCGGCTCACTAATTGGGGATGACCAAATTTATAACGTCATTGTTACGGCGCATGCCTTTATTATAATTTTTTTTATAGTGATACCAATTATAATT",4106,"14ben02",1,20
"TTTATACTTTATTTTCGGGGCTTGAGCTGGAATAGTAGGTACATCTCTTAGATTATTAATTCGTGCCGAACTTGGTAATCCCGGCTCACTAATTGGGGATGACCAAATTTATAACGTCATTGTTACGGCGCATGCCTTTATTATAATTTTTTTTATAGTGATACCAATTATAATT",4106,"14ben02",2,30
"TTTATACTTTATTTTCGGGGCTTGAGCTGGAATAGTAGGTACATCTCTTAGATTATTAATTCGTGCCGAACTTGGTAATCCCGGCTCACTAATTGGGGATGACCAAATTTATAACGTCATTGTTACGGCGCATGCCTTTATTATAATTTTTTTTATAGTGATACCAATTATAATT",4106,"14ben02",3,94
"TTTATATATCATTTTTGCCGCAATCTCAGGTTTAGTTGGTAGTGCTTTATCTTTTATTATTAGAATGGAATTATCAGCAGGTGGTAAAGTTTATTTATTAGGTAATTATGACCACTATAATGTTATAATTACTGCCCATGGTATTGTTATGATCTTCTTTATGGTTATGCCTGCCCTAATT",4112,"14ben02",1,17
"TTTATATATCATTTTTGCCGCAATCTCAGGTTTAGTTGGTAGTGCTTTATCTTTTATTATTAGAATGGAATTATCAGCAGGTGGTAAAGTTTATTTATTAGGTAATTATGACCACTATAATGTTATAATTACTGCCCATGGTATTGTTATGATCTTCTTTATGGTTATGCCTGCCCTAATT",4112,"14ben02",2,71
"TTTATATATCATTTTTGCCGCAATCTCAGGTTTAGTTGGTAGTGCTTTATCTTTTATTATTAGAATGGAATTATCAGCAGGTGGTAAAGTTTATTTATTAGGTAATTATGACCACTATAATGTTATAATTACTGCCCATGGTATTGTTATGATCTTCTTTATGGTTATGCCTGCCCTAATT",4112,"14ben02",3,135
"TTTATATCTTATCTTTGGAGCAATTTCTGGAATTGCAGGAACTGCTTTATCACTCTATATTCGAATAACTTTGGCACAACCAAATGGAAGTTTTTTAGAATATAATCATCATATGTATAACGTGATTATTACCGGTCACGCTTTCATTATGATTTTCTTTATGGTAATGCCTATCCTAATT",4120,"14ben02",1,1
"TTTATATCTTATCTTTGGAGCAATTTCTGGAATTGCAGGAACTGCTTTATCACTCTATATTCGAATAACTTTGGCACAACCAAATGGAAGTTTTTTAGAATATAATCATCATATGTATAACGTGATTATTACCGGTCACGCTTTCATTATGATTTTCTTTATGGTAATGCCTATCCTAATT",4120,"14ben02",2,6
"TTTATATCTTATCTTTGGAGCAATTTCTGGAATTGCAGGAACTGCTTTATCACTCTATATTCGAATAACTTTGGCACAACCAAATGGAAGTTTTTTAGAATATAATCATCATATGTATAACGTGATTATTACCGGTCACGCTTTCATTATGATTTTCTTTATGGTAATGCCTATCCTAATT",4120,"14ben02",3,6
"TTTATATCTTATCTTTGGAGCAATTTCTGGGATTGCAGGAACTGCTTTATCACTATATATTCGAATAACTTTAGCACAACCAAATGGAAGTTTTTTAGAGTATAATCATCATATGTATAATGTGATTGTTACGGGTCACGCGTTTGTTATGATTTTTTTTATGGTAATGCCAATCCTAATC",4123,"14ben02",1,16
"TTTATATCTTATCTTTGGAGCAATTTCTGGGATTGCAGGAACTGCTTTATCACTATATATTCGAATAACTTTAGCACAACCAAATGGAAGTTTTTTAGAGTATAATCATCATATGTATAATGTGATTGTTACGGGTCACGCGTTTGTTATGATTTTTTTTATGGTAATGCCAATCCTAATC",4123,"14ben02",3,100
"TTTATATCTTATCTTTGGAGCAATTTCTGGGATTGCCGGAACTGCTTTATCACTTTACATTCGAATAACTTTATCGCAACCAAATGGAAGTTTTTTAGAGTATAATCATCATATGTATAATGTAATCGTTACTGGTCATGCTTTTGTTATGATTTTTTTTATGGTAATGCCTATCTTAATC",4173,"14ben02",1,355
"TTTATATCTTATCTTTGGAGCAATTTCTGGGATTGCCGGAACTGCTTTATCACTTTACATTCGAATAACTTTATCGCAACCAAATGGAAGTTTTTTAGAGTATAATCATCATATGTATAATGTAATCGTTACTGGTCATGCTTTTGTTATGATTTTTTTTATGGTAATGCCTATCTTAATC",4173,"14ben02",2,239
"TTTATATCTTATCTTTGGAGCAATTTCTGGGATTGCCGGAACTGCTTTATCACTTTACATTCGAATAACTTTATCGCAACCAAATGGAAGTTTTTTAGAGTATAATCATCATATGTATAATGTAATCGTTACTGGTCATGCTTTTGTTATGATTTTTTTTATGGTAATGCCTATCTTAATC",4173,"14ben02",3,742
"TTTATATTTAATCTTTGCTACTATTTCAGGTATAGCGGGAACGATTTTGTCTCTATATATTAGAGCAACCTTAGCTAGCCCTGACTCAGTTTTTTTAGAGTATAATTACCACTTGTACAACGTTATTGTTACAGGGCATGCATTCCTAATGATATTTTTTTTAGTAATGCCTGCTCTAATC",7394,"14ben02",2,12
"TTTATATTTAATCTTTGCTACTATTTCAGGTATAGCGGGAACGATTTTGTCTCTATATATTAGAGCAACCTTAGCTAGCCCTGACTCAGTTTTTTTAGAGTATAATTACCACTTGTACAACGTTATTGTTACAGGGCATGCATTCCTAATGATATTTTTTTTAGTAATGCCTGCTCTAATC",7394,"14ben02",3,12
"TTTATATTTAATTTTTGCGTTAATTGCGGGTATAATAGGTACTTTATTTTCAATAATTATTCGTTTAGAATTAGCATTTCCAGGAGATCAAATTTTAAATGGTAATTATCAATTTTATAATGTAGTAATAACTGCCCATGCTTTTATCATGATTTTTTTTATGGTTATGCCAGCTATGATA",4209,"14ben02",1,83
"TTTATATTTAATTTTTGCGTTAATTGCGGGTATAATAGGTACTTTATTTTCAATAATTATTCGTTTAGAATTAGCATTTCCAGGAGATCAAATTTTAAATGGTAATTATCAATTTTATAATGTAGTAATAACTGCCCATGCTTTTATCATGATTTTTTTTATGGTTATGCCAGCTATGATA",4209,"14ben02",3,63
"TTTATATTTAATTTTTGCTGCTATTTCAGGAGTAGCAGGAACAATATTATCATTATATATAAGAGCAACTTTAGCGAGTCCAAACTCAACTTTTTTAGATTATAATTATCATTTATATAACGTAATTGTAACAGGTCATGCTTTTATTATGATTTTTTTTTTAGTTATGCCTGCATTAATT",10335,"14ben02",3,12
"TTTATATTTAATTTTTGGAGCTACTTCGGGTGTCGCTGGAACTTTGCTTTCACTTTACATAAGAATGACTTTGGCTCAACCAAATGGTTCTTTTTTAGAATATAATCACCATTTTTACAATGTTGTTGTTACAGGCCATGCTTTTATAATGATTTTTTTTATGGTTATGCCCACTTTAATA",10336,"14ben02",3,6
"TTTATATTTCATTTTTGGTGCATGATCAGGTATGGTGGGTACTTCCCTTAGTTTATTAATTCGAGCAGAACTTGGTAATCCTGGTTCTTTGATTGGTGATGATCAGATTTATAACGTTATTGTCACTGCCCATGCTTTTATTATGATTTTTTTTATAGTGATACCTATTATAATT",2284,"14ben02",1,3
"TTTATATTTCATTTTTGGTGCATGATCAGGTATGGTGGGTACTTCCCTTAGTTTATTAATTCGAGCAGAACTTGGTAATCCTGGTTCTTTGATTGGTGATGATCAGATTTATAACGTTATTGTCACTGCCCATGCTTTTATTATGATTTTTTTTATAGTGATACCTATTATAATT",2284,"14ben02",2,12
"TTTATATTTCATTTTTGGTGCATGATCAGGTATGGTGGGTACTTCCCTTAGTTTATTAATTCGAGCAGAACTTGGTAATCCTGGTTCTTTGATTGGTGATGATCAGATTTATAACGTTATTGTCACTGCCCATGCTTTTATTATGATTTTTTTTATAGTGATACCTATTATAATT",2284,"14ben02",3,109
"TTTATATTTGATTTTTGCAGGAATTTCAGGTATATCTGGGACAGTTTTATCGTTGTATATACGATATACTTTAGCGTATCCTAGCTCATCGTTTTTAGAATACAACCACCATTTATACAATGTTATAGTAACAGGCCACGCTTTTTTAATGATATTTTTTTTAGTAATGCCAGCTTTAATT",4224,"14ben02",1,74
"TTTATATTTGATTTTTGCTGCTATATCAGGCGTAGCTGGAACAGCATTATCTGTTTACATCAGAGCAACTCTTGCTAGCCCAAATTCAGCTTTCTTAGACTATAACTACCACTTTTATAACGTGATAGTTACAGGTCATGCTTTTGTTATGATTTTTTTTATGGTGATGCCTGCATTAATC",4237,"14ben02",1,7
"TTTATATTTTATTTTTGGAGCCTGAGCTGGAATAGTAGGTACTTCCCTTAGTATACTTATTCGAGCCGAATTAGGACACCCAGGCTCTCTAATTGGAGACGACCAAATTTATAATGTAATTGTTACTGCTCATGCTTTTGTAATAATTTTTTTTATAGTTATGCCAATTATAATT",2306,"14ben02",1,5
"TTTATATTTTATTTTTGGAGCCTGAGCTGGAATAGTAGGTACTTCCCTTAGTATACTTATTCGAGCCGAATTAGGACACCCAGGCTCTCTAATTGGAGACGACCAAATTTATAATGTAATTGTTACTGCTCATGCTTTTGTAATAATTTTTTTTATAGTTATGCCAATTATAATT",2306,"14ben02",2,6
"TTTATATTTTATTTTTGGAGCCTGAGCTGGAATAGTAGGTACTTCCCTTAGTATACTTATTCGAGCCGAATTAGGACACCCAGGCTCTCTAATTGGAGACGACCAAATTTATAATGTAATTGTTACTGCTCATGCTTTTGTAATAATTTTTTTTATAGTTATGCCAATTATAATT",2306,"14ben02",3,73
"TTTATATTTTATTTTTGGAGCCTGAGCTGGAATAGTGGGTACTTCCCTTAGTATACTTATTCGAGCCGAATTAGGACACCCAGGATCTCTAATTGGAGACGACCAAATTTATAATGTAATTGTTACTGCTCATGCTTTTGTAATAATTTTTTTTATAGTTATACCAATTATAATT",2309,"14ben02",1,269
"TTTATATTTTATTTTTGGAGCCTGAGCTGGAATAGTGGGTACTTCCCTTAGTATACTTATTCGAGCCGAATTAGGACACCCAGGATCTCTAATTGGAGACGACCAAATTTATAATGTAATTGTTACTGCTCATGCTTTTGTAATAATTTTTTTTATAGTTATACCAATTATAATT",2309,"14ben02",2,30
"TTTATATTTTATTTTTGGAGCCTGAGCTGGAATAGTGGGTACTTCCCTTAGTATACTTATTCGAGCCGAATTAGGACACCCAGGATCTCTAATTGGAGACGACCAAATTTATAATGTAATTGTTACTGCTCATGCTTTTGTAATAATTTTTTTTATAGTTATACCAATTATAATT",2309,"14ben02",3,153
"TTTATATTTTATTTTTGGAGCTTGGGCAGGTATGGCAGGGACCTCATTAAGACTTTTAATTCGAGCCGAGTTGGGTAACCCGGGTTCATTAATTGGGGACGATCAAATTTATAACGTAATCGTAACTGCTCATGCCTTTATTATGATTTTTTTTATAGTGATACCTATTATAATT",7420,"14ben02",1,1
"TTTATATTTTATTTTTGGAGCTTGGGCAGGTATGGCAGGGACCTCATTAAGACTTTTAATTCGAGCCGAGTTGGGTAACCCGGGTTCATTAATTGGGGACGATCAAATTTATAACGTAATCGTAACTGCTCATGCCTTTATTATGATTTTTTTTATAGTGATACCTATTATAATT",7420,"14ben02",2,2
"TTTATATTTTATTTTTGGAGCTTGGGCAGGTATGGCAGGGACCTCATTAAGACTTTTAATTCGAGCCGAGTTGGGTAACCCGGGTTCATTAATTGGGGACGATCAAATTTATAACGTAATCGTAACTGCTCATGCCTTTATTATGATTTTTTTTATAGTGATACCTATTATAATT",7420,"14ben02",3,1
"TTTATATTTTATTTTTGGTATTTGATCAGGTATAGTGGGTACTTCTTTGAGCTTAATAATTCGTACAGAATTAGGTCAGCCAGGTTATTTAATTGGAGATGACCAAATTTATAATGTTATTGTAACTGCTCATGCTTTTATTATAATTTTCTTTATAGTTATACCTATTATAATT",2311,"14ben02",2,1
"TTTATATTTTATTTTTGGTATTTGGGCTGGTTTTATTGGTCTTAGAATAAGCCTACTAATTCGTTTAGAATTAGGGGTTATTGGTTCTTTTATTGGTGATGAGCACATCTATAATGTTTTGGTCACAGCTCATGCTTTTGTCATAATTTTTTTTATAGTCATGCCTATTTCTATA",4320,"14ben02",1,172
"TTTATATTTTATTTTTGGTATTTGGGCTGGTTTTATTGGTCTTAGAATAAGCCTACTAATTCGTTTAGAATTAGGGGTTATTGGTTCTTTTATTGGTGATGAGCACATCTATAATGTTTTGGTCACAGCTCATGCTTTTGTCATAATTTTTTTTATAGTCATGCCTATTTCTATA",4320,"14ben02",2,57
"TTTATATTTTATTTTTGGTATTTGGGCTGGTTTTATTGGTCTTAGAATAAGCCTACTAATTCGTTTAGAATTAGGGGTTATTGGTTCTTTTATTGGTGATGAGCACATCTATAATGTTTTGGTCACAGCTCATGCTTTTGTCATAATTTTTTTTATAGTCATGCCTATTTCTATA",4320,"14ben02",3,70
"TTTATATTTTATTTTTGGTGTTTGAGCCGGAATAATTGGCTTAAGAATAAGCCTGCTAATTCGTTTAGAGCTTGGGGTTTTAGGGCCTTTTCTTGGAGACGAGCATTTGTATAACGTTATTGTTACTGCCCATGCTTTTGTTATAATTTTCTTTATAGTTATACCAATTTCTATA",3054,"14ben02",1,134
"TTTATATTTTATTTTTGGTGTTTGAGCCGGAATAATTGGCTTAAGAATAAGCCTGCTAATTCGTTTAGAGCTTGGGGTTTTAGGGCCTTTTCTTGGAGACGAGCATTTGTATAACGTTATTGTTACTGCCCATGCTTTTGTTATAATTTTCTTTATAGTTATACCAATTTCTATA",3054,"14ben02",2,68
"TTTATATTTTATTTTTGGTGTTTGAGCCGGAATAATTGGCTTAAGAATAAGCCTGCTAATTCGTTTAGAGCTTGGGGTTTTAGGGCCTTTTCTTGGAGACGAGCATTTGTATAACGTTATTGTTACTGCCCATGCTTTTGTTATAATTTTCTTTATAGTTATACCAATTTCTATA",3054,"14ben02",3,198
"TTTGTACTTAATTTTTGCTGCTATTTCAGGAGTAGCAGGTACAGTTTTATCTTTATACATAAGAGCTCAATTAGCTTATCCAAATTCAAATTTTTTAGACTACAATTATCACCTTTATAACGTTATTGTAACAGGTCATGCCTTTATAATGATTTTTTTTTTGGTAATGCCTGCTTTAATT",4379,"14ben02",1,38
"TTTGTACTTAATTTTTGCTGCTATTTCAGGAGTAGCAGGTACAGTTTTATCTTTATACATAAGAGCTCAATTAGCTTATCCAAATTCAAATTTTTTAGACTACAATTATCACCTTTATAACGTTATTGTAACAGGTCATGCCTTTATAATGATTTTTTTTTTGGTAATGCCTGCTTTAATT",4379,"14ben02",3,18
"TTTGTATTTACTCTTTTCCATTATTTCGGGTATAGCGGGGACAATTCTTTCTTTATATATTCGTGCCACGTTAGCGGCACCAGGGTCGAGCTTTTTAAGAAGCAACTACCAGTTGTATAATGTTATTGTGACCGGACACGCATTTCTAATGATTTTTTTTTTGGTTATGCCTGCTCTTATT",4393,"14ben02",1,19
"TTTGTATTTACTCTTTTCCATTATTTCGGGTATAGCGGGGACAATTCTTTCTTTATATATTCGTGCCACGTTAGCGGCACCAGGGTCGAGCTTTTTAAGAAGCAACTACCAGTTGTATAATGTTATTGTGACCGGACACGCATTTCTAATGATTTTTTTTTTGGTTATGCCTGCTCTTATT",4393,"14ben02",2,6
"TTTGTATTTTATCTTTGGTGTTTGAGCTGGGATAGTTGGCTTAAGAATAAGTTTCCTTATTCGTTTAGAGCTCGGGGTTTTAGGGCCTTTTCTAGGAGATGAGCATCTATACAATGTTATCGTTACTGCCCACGCTTTCGTCATAATCTTTTTTATAGTTATACCAATTTCTATA",4396,"14ben02",1,2
"TTTGTATTTTATCTTTGGTGTTTGAGCTGGGATAGTTGGCTTAAGAATAAGTTTCCTTATTCGTTTAGAGCTCGGGGTTTTAGGGCCTTTTCTAGGAGATGAGCATCTATACAATGTTATCGTTACTGCCCACGCTTTCGTCATAATCTTTTTTATAGTTATACCAATTTCTATA",4396,"14ben02",2,1
"TTTGTATTTTATCTTTGGTGTTTGAGCTGGGATAGTTGGCTTAAGAATAAGTTTCCTTATTCGTTTAGAGCTCGGGGTTTTAGGGCCTTTTCTAGGAGATGAGCATCTATACAATGTTATCGTTACTGCCCACGCTTTCGTCATAATCTTTTTTATAGTTATACCAATTTCTATA",4396,"14ben02",3,3
