"asv_id","ltg_taxid","ltg_name","ltg_rank","ltg_rank_index","domain_taxid","domain","kingdom_taxid","kingdom","phylum_taxid","phylum","class_taxid","class","order_taxid","order","family_taxid","family","genus_taxid","genus","species_taxid","species","pid","pcov","phit","taxn","seqn","refres","ltgres","asv"
1,1592914,"Caenis pusilla","species",8,NA,"No_domain_Metazoa",33208,"Metazoa",6656,"Arthropoda",50557,"Insecta",30073,"Ephemeroptera",197146,"Caenidae",197147,"Caenis",1592914,"Caenis pusilla",100,70,70,1,1,8,8,"ACTATATTTTATTTTTGGGGCTTGATCCGGAATGCTGGGCACCTCTCTAAGCCTTCTAATTCGTGCCGAGCTGGGGCACCCGGGTTCTTTAATTGGCGACGATCAAATTTACAATGTAATCGTCACAGCCCATGCTTTTATTATGATTTTTTTCATGGTTATGCCTATTATAATC"
2,1042866,"Rheocricotopus chalybeatus","species",8,NA,"No_domain_Metazoa",33208,"Metazoa",6656,"Arthropoda",50557,"Insecta",7147,"Diptera",7149,"Chironomidae",611384,"Rheocricotopus",1042866,"Rheocricotopus chalybeatus",97,70,70,1,1,8,8,"ACTTTATTTTATTTTTGGTGCTTGATCAGGAATAGTAGGAACTTCTTTAAGAATTCTAATTCGAGCTGAATTAGGTCATGCCGGTTCATTAATTGGAGATGATCAAATTTATAATGTAATTGTAACTGCTCATGCTTTTGTAATAATTTTCTTTATAGTTATACCTATTTTAATT"
3,58324,"Phoxinus phoxinus","species",8,NA,"No_domain_Metazoa",33208,"Metazoa",7711,"Chordata",186623,"Actinopteri",7952,"Cypriniformes",2743726,"Leuciscidae",42662,"Phoxinus",58324,"Phoxinus phoxinus",100,70,70,1,1,8,8,"CCTTTATCTTGTATTTGGTGCCTGGGCCGGAATGGTAGGGACCGCCCTAAGCCTTCTTATTCGGGCCGAACTAAGCCAGCCTGGCTCGCTATTAGGTGATAGCCAAATTTATAATGTTATTGTTACCGCCCACGCCTTCGTAATAATTTTCTTTATAGTCATGCCAATTCTCATT"
4,869943,"Hydropsyche pellucidula","species",8,NA,"No_domain_Metazoa",33208,"Metazoa",6656,"Arthropoda",50557,"Insecta",30263,"Trichoptera",41030,"Hydropsychidae",50443,"Hydropsyche",869943,"Hydropsyche pellucidula",100,70,70,1,1,8,8,"CCTTTATTTTATTTTCGGTATCTGATCAGGTCTCGTAGGATCATCACTTAGATTTATTATTCGAATAGAATTAAGAACTCCTGGTAGATTTATTGGCAACGACCAAATTTATAACGTAATTGTTACATCTCATGCATTTATTATAATTTTTTTTATAGTTATACCAATCATAATT"
5,611678,"Synorthocladius semivirens","species",8,NA,"No_domain_Metazoa",33208,"Metazoa",6656,"Arthropoda",50557,"Insecta",7147,"Diptera",7149,"Chironomidae",611392,"Synorthocladius",611678,"Synorthocladius semivirens",97,70,70,1,1,8,8,"CTTATATTTTATTTTTGGTGCTTGATCAGGGATAGTGGGAACTTCTTTAAGAATTCTTATTCGAGCTGAACTTGGTCATGCGGGATCTTTAATCGGAGACGATCAAATTTACAATGTAATTGTTACTGCACACGCCTTTGTAATAATTTTTTTTATAGTTATACCTATTTTAATT"
6,189839,"Baetis rhodani","species",8,NA,"No_domain_Metazoa",33208,"Metazoa",6656,"Arthropoda",50557,"Insecta",30073,"Ephemeroptera",172515,"Baetidae",189838,"Baetis",189839,"Baetis rhodani",100,70,70,1,1,8,8,"TCTATATTTCATTTTTGGTGCTTGGGCAGGTATGGTAGGTACCTCATTAAGACTTTTAATTCGAGCCGAGTTGGGTAACCCGGGTTCATTAATTGGGGACGATCAAATTTATAACGTAATCGTAACTGCTCATGCCTTTATTATGATTTTTTTTATAGTGATACCTATTATAATT"
27,33317,"Protostomia","clade",2.5,NA,"No_domain_Metazoa",33208,"Metazoa",NA,NA,NA,NA,NA,NA,NA,NA,NA,NA,NA,NA,80,70,70,4,4,6,7,"ACTATACCTTATCTTCGCAGTATTCTCAGGAATGCTAGGAACTGCTTTTAGTGTTCTTATTCGAATGGAACTAACATCTCCAGGTGTACAATACCTACAGGGAAACCACCAACTTTACAATGTAATCATTACAGCTCACGCATTCCTAATGATCTTTTTCATGGTTATGCCAGGACTTGTT"
219,6656,"Arthropoda","phylum",3,NA,"No_domain_Metazoa",33208,"Metazoa",6656,"Arthropoda",NA,NA,NA,NA,NA,NA,NA,NA,NA,NA,97,70,70,1,1,8,8,"ACTTTATTTCATTTTCGGAACATTTGCAGGAGTTGTAGGAACTTTACTTTCATTATTTATTCGTCTTGAATTAGCTTATCCAGGAAATCAATTTTTTTTAGGAAATCACCAACTTTATAATGTGGTTGTGACAGCACATGCTTTTATCATGATTTTTTTCATGGTTATGCCGATTTTAATC"
597,NA,NA,NA,NA,NA,NA,NA,NA,NA,NA,NA,NA,NA,NA,NA,NA,NA,NA,NA,NA,NA,NA,NA,NA,NA,NA,NA,"ATTGTACCTTATATTTGCCTTATTTTCAGGGCTATTAGGTACTGCTTTTTCTGTTTTAATAAGACTTGAATTATCAGGACCTGGTGTACAATACATAGCTGATAACCAACTTTATAACAGTATAATTACTGCACATGCAATACTTATGATTTTCTTCATGGTTATGCCTGCTATGATA"
1818,189839,"Baetis rhodani","species",8,NA,"No_domain_Metazoa",33208,"Metazoa",6656,"Arthropoda",50557,"Insecta",30073,"Ephemeroptera",172515,"Baetidae",189838,"Baetis",189839,"Baetis rhodani",100,70,70,1,1,8,8,"TCTATATTTCATTTTTGGTGCTTGGGCAGGTATGGTAGGGACCTCATTAAGACTTTTAATTCGAGCCGAGTTGGGTAACCCGGGTTCATTAATTGGGGACGATCAAATTTATAACGTAATCGTAACTGCTCATGCCTTTATTATGATTTTTTTTATAGTGATACCTATTATAATT"
2264,1077837,"Baetis fuscatus","species",8,NA,"No_domain_Metazoa",33208,"Metazoa",6656,"Arthropoda",50557,"Insecta",30073,"Ephemeroptera",172515,"Baetidae",189838,"Baetis",1077837,"Baetis fuscatus",100,70,70,1,1,8,8,"TTTATATTTCATTTTTGGTGCATGATCAGGTATGGTGGGTACTTCCCTTAGTTTATTAATTCGAGCAGAACTTGGTAATCCTGGTTCTTTGATTGGCGATGATCAGATTTATAACGTTATTGTCACTGCCCATGCTTTTATTATGATTTTTTTTATAGTGATACCTATTATAATT"
2277,1077837,"Baetis fuscatus","species",8,NA,"No_domain_Metazoa",33208,"Metazoa",6656,"Arthropoda",50557,"Insecta",30073,"Ephemeroptera",172515,"Baetidae",189838,"Baetis",1077837,"Baetis fuscatus",97,70,70,1,1,8,8,"TTTATATTTCATTTTTGGTGCATGATCAGGTATGGTGGGTACTTCCCTTAGTTTATTAATTCGAGCAGAACTTGGTAATCCTGGTTCTTTGATTGGTGATGATCAGATTTATAACGTTATTGTCACTGCCCATGCTTTTATTATGATTTTTTTTATAGTGATACCTATTATAATT"
2302,47411,"Wilhelmia","subgenus",7.5,NA,"No_domain_Metazoa",33208,"Metazoa",6656,"Arthropoda",50557,"Insecta",7147,"Diptera",7190,"Simuliidae",7191,"Simulium",NA,NA,100,70,70,1,1,8,8,"TTTATATTTTATTTTTGGAGCCTGAGCTGGAATAGTGGGTACTTCCCTTAGTATACTTATTCGAGCCGAATTAGGACACCCAGGATCTCTAATTGGAGACGACCAAATTTATAATGTAATTGTTACTGCTCATGCTTTTGTAATAATTTTTTTTATAGTTATACCAATTATAATT"
2338,NA,NA,NA,NA,NA,NA,NA,NA,NA,NA,NA,NA,NA,NA,NA,NA,NA,NA,NA,NA,NA,NA,NA,NA,NA,NA,NA,"ACTATATTTAATTTTTGCTGCAATTTCTGGTGTAGCAGGAACTACGCTTTCATTGTTTATTAGAGCTACATTAGCGACACCAAATTCTGGTGTTTTAGATTATAATTACCATTTGTATAATGTTATAGTTACGGGTCATGCTTTTTTGATGATCTTTTTTTTAGTAATGCCTGCTTTATTG"
2353,NA,NA,NA,NA,NA,NA,NA,NA,NA,NA,NA,NA,NA,NA,NA,NA,NA,NA,NA,NA,NA,NA,NA,NA,NA,NA,NA,"TCTATACCTTATTTTCGGCGCAATTTCAGGTATTGCAGGTACCGCTTTATCTCTTTACATTCGAATTACTTTATCTCAACCTAATGGTAATTTTTTAGAATACAATCACCACTTTTATAATGTGATTATAACGGGTCACGCTCTTCTTATGATTTTTTTCATGGTAATGCCAATCTTGATT"
2354,NA,NA,NA,NA,NA,NA,NA,NA,NA,NA,NA,NA,NA,NA,NA,NA,NA,NA,NA,NA,NA,NA,NA,NA,NA,NA,NA,"TCTATACCTTATTTTCGGCGCAATTTCAGGTATTGCAGGTACCGCTTTATCTCTTTACATTCGAATTACTTTATCTCAACCTAATGGTAATTTTTTAGAATACAATCACCATTTTTATAATGTGATTATAACGGGTCATGCCCTTCTTATGATTTTTTTCATGGTAATGCCAATCTTGATT"
2373,NA,NA,NA,NA,NA,NA,NA,NA,NA,NA,NA,NA,NA,NA,NA,NA,NA,NA,NA,NA,NA,NA,NA,NA,NA,NA,NA,"TCTTTACTTAATTTTTGGTGCTATTTCTGGTGTAGCTGGAACTGCTTTATCACTTTACATCAGATTTACATTATCTCAACCAAACTCGAGTTTTTTAGAATATAACCACCATTTATATAATGTAATTGTTACAGGACATGCACTTATAATGGTTTTTTTTGTAGTAATGCCTATTTTAATT"
2439,52641,"Gammarus pulex","species",8,NA,"No_domain_Metazoa",33208,"Metazoa",6656,"Arthropoda",6681,"Malacostraca",6821,"Amphipoda",36939,"Gammaridae",45625,"Gammarus",52641,"Gammarus pulex",100,70,70,1,1,8,8,"TTTATACTTTATCTTAGGAGCTTGGGCTAGTGTTGTTGGCACTTCCATGAGAGTAATTATTCGCTCAGAACTAAGTACACCTGGTAATTTAATCGATGACGACCAACTATATAACGTAATAGTTACCGCTCACGCTTTTGTAATAATTTTTTTTATAGTTATGCCTATTATAATT"
3047,84394,"Ploima","order",5,NA,"No_domain_Metazoa",33208,"Metazoa",10190,"Rotifera",2816136,"Eurotatoria",84394,"Ploima",NA,NA,NA,NA,NA,NA,80,70,70,4,4,6,7,"TTTATATTTTATTTTTGGTGTTTGAGCCGGAATAATTGGCTTAAGAATAAGCCTGCTAATTCGTTTAGAGCTTGGGGTTTTAGGGCCTTTTCTTGGAGACGAGCATTTGTATAACGTTATTGTTACTGCCCATGCTTTTGTTATAATTTTCTTTATAGTTATACCAATTTCTATA"
3107,NA,NA,NA,NA,NA,NA,NA,NA,NA,NA,NA,NA,NA,NA,NA,NA,NA,NA,NA,NA,NA,NA,NA,NA,NA,NA,NA,"ATTATATTTAATTTTTGGTGCTCTTGCTGGAGTAATTGGAACTCTATTTTCTGTATTAATTAGATTACAATTATCTTACGCTGATTCAACAGTACTTCAAAATAACAGTCAATTATACAATGTTATTGTAACTGCTCACGCATTTGTAATGATATTCTTCCTTGTAATGCCTGTTCTTATT"
3133,NA,NA,NA,NA,NA,NA,NA,NA,NA,NA,NA,NA,NA,NA,NA,NA,NA,NA,NA,NA,NA,NA,NA,NA,NA,NA,NA,"ATTGTATGTAATCTTTGGTGCTTTTTCAGGTGTTCTAGGAACCACAATGTCTGTCTTGATCCGATTAGAATTGGCAAATCCAGGTAATCAATTGTTTGCAGGAAATCATCAACTTTATAACGTGATCATTACGGCGCACGCCTTCTTAATGATTTTCTTCATGTTGATGCCAATTTTAATT"
3300,NA,NA,NA,NA,NA,NA,NA,NA,NA,NA,NA,NA,NA,NA,NA,NA,NA,NA,NA,NA,NA,NA,NA,NA,NA,NA,NA,"TCTTTACCTAATTTTTGCTGCAGCTGCTGGAATTGCAGGAACAGTTTTATCATTATATATTAGAGCTACCTTATCTTCTCCTAATTCTAATTTTTTAGAATATAATCATCACTTATACAATGTAATTGTTACTGGGCATGCATTTATTATGATTTTTTTTTTAGTAATGCCTGCTTTAATA"
3666,NA,NA,NA,NA,NA,NA,NA,NA,NA,NA,NA,NA,NA,NA,NA,NA,NA,NA,NA,NA,NA,NA,NA,NA,NA,NA,NA,"TCTTTATTTAATATTTGGTGCCATTGCTGCCGTTGCAGGAACCACTCTTTCGTTATATATTAGAGCTACTTTAGCGGAACCAAATTCAAGTTTTCTAGAATACAATCATCATTTGTATAATGTAATTGTTACAGGACATGCTTTTATTATGGTTTTTTTTGTAGTAATGCCTATTTTAATC"
3744,NA,NA,NA,NA,NA,NA,NA,NA,NA,NA,NA,NA,NA,NA,NA,NA,NA,NA,NA,NA,NA,NA,NA,NA,NA,NA,NA,"TTTATACCTTATCTTTGGAGCAATTTCTGGAATTGCAGGAACTGCTTTATCACTTTATATTCGAATAACTTTATCTCAACCAAATAGTTCGTTTTTAGAATATAACCATCATTTTTATAACGTGATGGTAACAGGTCACGCTCTTTTAATGATTTTTTTCATGGTAATGCCCATTTTAATT"
3753,NA,NA,NA,NA,NA,NA,NA,NA,NA,NA,NA,NA,NA,NA,NA,NA,NA,NA,NA,NA,NA,NA,NA,NA,NA,NA,NA,"TTTATACCTTATTTTCGGCGCAATTTCAGGTATTGCAGGTACCGCTTTATCTCTTTACATTCGAATTACTTTATCTCAACCTAATGGTAATTTTTTAGAATACAATCACCATTTTTATAATGTGATTATAACGGGCCACGCCCTTCTTATGATTTTTTTCATGGTAATGCCAATCTTGATT"
3839,NA,NA,NA,NA,NA,NA,NA,NA,NA,NA,NA,NA,NA,NA,NA,NA,NA,NA,NA,NA,NA,NA,NA,NA,NA,NA,NA,"TTTATACTTATTATTTGCTGTTTTAGCAGGAGTTGTAGGAACATATTTTTCTGCTTTAATCAGAATAGAGTTAGCATATCCTGGTAATGGAATTTTTAACGGTAATTTTCAACTTTATAATGTTGTAGTAACAGCGCATGCTTTTATTATGATTTTCTTTTTAGTAATGCCAGCAATGATT"
4097,1077839,"Baetis lutheri","species",8,NA,"No_domain_Metazoa",33208,"Metazoa",6656,"Arthropoda",50557,"Insecta",30073,"Ephemeroptera",172515,"Baetidae",189838,"Baetis",1077839,"Baetis lutheri",97,70,70,1,1,8,8,"TTTATACTTTATTTTCGGGGCTTGAGCTGGAATAGTAGGTACATCTCTTAGATTATTAATTCGTGCCGAACTTGGTAATCCCGGCTCACTAATTGGGGATGACCAAATTTATAACGTCATTGTTACGGCGCATGCCTTTATTATAATTTTTTTTATAGTGATACCAATTATAATT"
4103,NA,NA,NA,NA,NA,NA,NA,NA,NA,NA,NA,NA,NA,NA,NA,NA,NA,NA,NA,NA,NA,NA,NA,NA,NA,NA,NA,"TTTATATATCATTTTTGCCGCAATCTCAGGTTTAGTTGGTAGTGCTTTATCTTTTATTATTAGAATGGAATTATCAGCAGGTGGTAAAGTTTATTTATTAGGTAATTATGACCACTATAATGTTATAATTACTGCCCATGGTATTGTTATGATCTTCTTTATGGTTATGCCTGCCCTAATT"
4164,NA,NA,NA,NA,NA,NA,NA,NA,NA,NA,NA,NA,NA,NA,NA,NA,NA,NA,NA,NA,NA,NA,NA,NA,NA,NA,NA,"TTTATATCTTATCTTTGGAGCAATTTCTGGGATTGCCGGAACTGCTTTATCACTTTACATTCGAATAACTTTATCGCAACCAAATGGAAGTTTTTTAGAGTATAATCATCATATGTATAATGTAATCGTTACTGGTCATGCTTTTGTTATGATTTTTTTTATGGTAATGCCTATCTTAATC"
4200,NA,NA,NA,NA,NA,NA,NA,NA,NA,NA,NA,NA,NA,NA,NA,NA,NA,NA,NA,NA,NA,NA,NA,NA,NA,NA,NA,"TTTATATTTAATTTTTGCGTTAATTGCGGGTATAATAGGTACTTTATTTTCAATAATTATTCGTTTAGAATTAGCATTTCCAGGAGATCAAATTTTAAATGGTAATTATCAATTTTATAATGTAGTAATAACTGCCCATGCTTTTATCATGATTTTTTTTATGGTTATGCCAGCTATGATA"
4311,10194,"Brachionus","genus",7,NA,"No_domain_Metazoa",33208,"Metazoa",10190,"Rotifera",2816136,"Eurotatoria",84394,"Ploima",10193,"Brachionidae",10194,"Brachionus",NA,NA,80,70,70,4,4,6,7,"TTTATATTTTATTTTTGGTATTTGGGCTGGTTTTATTGGTCTTAGAATAAGCCTACTAATTCGTTTAGAATTAGGGGTTATTGGTTCTTTTATTGGTGATGAGCACATCTATAATGTTTTGGTCACAGCTCATGCTTTTGTCATAATTTTTTTTATAGTCATGCCTATTTCTATA"
