number,sample,action,asv,taxon,asv_id
1,PC0100B_ab01,keep,AACTTTATACTTTATTTTAGGTGTTTGAGCTGGAATAATTGGTGCTGGAATAAGACTTCTTATTCGAATTGAACTAAGACAGCCTGGGGCTTTTTTAGGTAGAGATCAGTTATATAATACTATTGTAACGGCACATGCCTTTATTATAATTTTCTTCTTG,Drawida_ghilarovi,Ann1
2,PC0100B_ab01,keep,GACTATATATATAATTTTTGGGATATGAGCTGCTATAATTGGTTCAGCCTTAAGAATTCTAATTCGAACTGAATTAGGCCAACCAGGGTCATTAATAAATGATGATCAAATTTACAATGTAATTGTTACTGCCCATGCTTTTGTAATAATTTTCTTTATA,Oligolophus_tienmushanensis,Ara1
3,PC0100B_ab01,keep,AACTTTATATTTAGTATTTGGTGCTTGGTCTGCTATAGTAGGAACTGCAATAAGAGTATTGATTCGTATGGAGTTAGGTCAGACAGGGAGTCTTTTAGGTAATGATCATATATATAATGTAATTGTAACTGCTCATGCTTTTGTAATAATTTTTTTTATA,Phanuelus_gladstone,Ara2
4,PC0100B_ab01,keep,AACTTTATATTTTTTATTTGGACTATGAGCAGGAATAGTAGGAACATCATTAAGAATTTTAATTCGTTTAGAATTAGGAACCCCCTCAGCCTTAATTGGAAACGATCAAATTTATAATGTAATTGTAACTGCCCATGCTTTTATCATAAGGTTTCTTATA,Nephus_oblongosignatus,Col1
5,PC0100B_ab01,keep,AACACTTTACTTCATCCTAGGATCATGGGCAGGAATAGTAGGAACATCATTAAGAGTTCTTATCCGAACAGAACTTGGAAATCCTGGAACACTAATCGGAAACGATCAAATTTATAATACCATTGTTACTGCCCACGCCTTCATTATAATCTTTTTTATA,Trigonopterus_carinirostris,Col2
6,PC0100B_ab01,keep,GACTTTATATTTTATTTTTGGTGCTTGATCAGGAATAGTAGGAACTTCCCTTAGAATTTTAATTCGAACTGAATTAAGACACCCCGGGACATTTATTGGAAATGACCAAATTTATAATGTAATTGTTACAGCTCATGCTTTTAGGATAATTTTCCTTATA,Sabethes_cyaneus,Dip1
7,PC0100B_ab01,keep,AACATTATATTTTATTTTCGGTGCTTGATCTGGAATAATTGGAACTTCATTAAGAATCCTTATTCGTGCAGAATTAGGACACCCAGGAGCTCTAATTGGAGACGATCAAATTTATAATGTTATCGTAACAGCTCATGCTTGGATTATAATCTGTTTCATA,Dermatobia_hominis,Dip2
8,PC0100B_ab01,keep,AACATTATATTTTATTTTTGGAGCATGAGCTGGAATAGTAGGAACTTCTCTAAGAATTTTAATTCGTATAGAATTAGGTCATCCAGGATCTTTCATTGGAAATGATCAAATTTATAATGTTATTGTTACTGCTCATGCTTTCATTATAATTTTTTTTATA,Vermiophis_taishanensis,Dip3
9,PC0100B_ab01,keep,AACTCTTTATTTTATTTTCGGAGCATGATCCGGCATAATTGGAACTTCCTTAAGTTTACTCATTCGGGCTGAATTGGGACAGCCCGGTTCTCTAATTGGAGATGATCAGATTTATAATGTTATTGTCACTGCTCACGCTTTTGTAATAATTTTCTTTATA,Vietnamella_sinensis,Eph1
10,PC0100B_ab01,keep,AACATTGTATATAATTTTTGGGGTGTGATGTGGAATAGTTGGGACTGGTTTGTCATTGTTAATTCGGTTAGAATTAGGAACGGCAGGAGTATTATCTGATGATCATTTTTTTAATGTTATTGTTACTGCACATGCTTTTGTAATAATTTTTTTTATA,Ryssota_otaheitana,Gas1
11,PC0100B_ab01,keep,CACTTTATATTTTATTTTAGGGATATGAGCCGGTATATTAGGAACATCACTTAGATGAATCATCCGTATTGAATTAGGAATACCAGGATCATTTATTGGAGATGATCAAACATATAACGTTGTAGTCACTGCACATGCATTTATCATAATTTTTTTTATA,Creontiades_dilutus,Het1
12,PC0100B_ab01,keep,GACATTATATTTTGTGTTCGGGGCTTGAGCCGGGGCGGTTGGTACTGCTTTAAGAATGATTATTCGTTCGGAACTTGGGCAGCCAGGAAGGTTTATTGGGGATGATCAAATTTATAATGTAGTGGTGACTGCCCATGCATTTGTAATAATTTTTTTTATA,Sphaeroma_terebrans,Iso1
13,PC0100B_ab01,keep,TACTTTATATTTTATTTTTGGAATTTGAGCAGGAATAGTAGGAACTTCTTTAAGTTTATTAATTCGAACTGAATTAGGGAATCCAGGATCATTAATTGGAGATGATCAAATTTATAATACTATTGTAACAGCTCATGCTTGCATTATAATTCTTTGTATA,Salamis_anteva,Lep1
14,PC0100B_ab01,keep,AACTTTATACTTTATTTTTGGAATTTGAGCAGGAATAGTAGGTACTTCTTTAAGTCTTCTTATTCGAGCTGAATTAGGTACCCCAGGATCTTTAATTGGAGATGATCAAATTTATAATACAATTGTAACAGCTCATGCCTTTATTATAATTTTCTTCATG,Actias_luna,Lep2
15,PC0100B_ab01,keep,AACTATATATTTCATTTTAGGAATTTGATCAGGATTATTAGGTACAACTTTAAGTATAATAATTCGAATAGAATTAGGAAATCCTGGATCACTTTTAGCAAATGATCAACTTTATAATACTATTGTTACAGCACATGCTTTCATTATAATTTTCTTTATA,Leucoptera_coffeella,Lep3
16,PC0100B_ab01,keep,AACATTATATTTTATTTTTGGTGCTTGAGCTGGAATGCTCGGAACATCACTAAGAATTTTAATTCGAACCGAATTAGGTCAACCAGGATCTTTAATTGGAGATGACCAAATTTACAATGTTATTGTAAGCGCACATGCCTTTATTATAATTTTCTTTATA,Hierodula_chinensis,Man1
17,PC0100B_ab01,keep,AACTTTGTATTTATTATTTGGTACATGATCAGGAATAGTAGGAACAGCGTTAAGTATATTAATTCGAGTAGAACTAGGATACCCAGGATCATTGATTGGTGACGATCAAATTTATAATGTAGTTGTAACGGCTCATGCATTTGTAATAATTTTTTTTATA,Megaloprepus_caerulatus,Odo1
18,PC0100B_ab01,keep,AACCTTGTATTTTATATTTGGAGCATGAGCAGGAATAGCAGGAACATCTATAAGAATAATTATTCGATCAGAACTAGGTCAACCAGGTTCAATAATTGGAGATGATCAAATTTATAATGTTATTATTACAGCTCACGCATTTATTATAATTTTCTTTATA,Hilethera_xinjiangensis,Ort1
19,PC0100B_ab01,keep,AACACTATATTTTATTTTCGGAGCATGATCAGGAATAGTAGGAACTTCCCTCAGTCTCCTAATTCGTGCTGAACTTGGCCAACCTGGTTCTCTTATTGGAGATGACCAAATCTATAACGTAATTGTAACTGCTCACGCCTTTGTCATAATTTTTTTTATA,Pteronarcella_badia,Ple1
20,PC1000A_ab01,keep,AACTTTATACTTTATTTTAGGTGTTTGAGCTGGAATAATTGGTGCTGGAATAAGACTTCTTATTCGAATTGAACTAAGACAGCCTGGGGCTTTTTTAGGTAGAGATCAGTTATATAATACTATTGTAACGGCACATGCCTTTATTATAATTTTCTTCTTG,Drawida_ghilarovi,Ann1
21,PC1000A_ab01,keep,GACTATATATATAATTTTTGGGATATGAGCTGCTATAATTGGTTCAGCCTTAAGAATTCTAATTCGAACTGAATTAGGCCAACCAGGGTCATTAATAAATGATGATCAAATTTACAATGTAATTGTTACTGCCCATGCTTTTGTAATAATTTTCTTTATA,Oligolophus_tienmushanensis,Ara1
22,PC1000A_ab01,keep,AACTTTATATTTAGTATTTGGTGCTTGGTCTGCTATAGTAGGAACTGCAATAAGAGTATTGATTCGTATGGAGTTAGGTCAGACAGGGAGTCTTTTAGGTAATGATCATATATATAATGTAATTGTAACTGCTCATGCTTTTGTAATAATTTTTTTTATA,Phanuelus_gladstone,Ara2
23,PC1000A_ab01,keep,AACTTTATATTTTTTATTTGGACTATGAGCAGGAATAGTAGGAACATCATTAAGAATTTTAATTCGTTTAGAATTAGGAACCCCCTCAGCCTTAATTGGAAACGATCAAATTTATAATGTAATTGTAACTGCCCATGCTTTTATCATAAGGTTTCTTATA,Nephus_oblongosignatus,Col1
24,PC1000A_ab01,keep,AACACTTTACTTCATCCTAGGATCATGGGCAGGAATAGTAGGAACATCATTAAGAGTTCTTATCCGAACAGAACTTGGAAATCCTGGAACACTAATCGGAAACGATCAAATTTATAATACCATTGTTACTGCCCACGCCTTCATTATAATCTTTTTTATA,Trigonopterus_carinirostris,Col2
25,PC1000A_ab01,keep,GACTTTATATTTTATTTTTGGTGCTTGATCAGGAATAGTAGGAACTTCCCTTAGAATTTTAATTCGAACTGAATTAAGACACCCCGGGACATTTATTGGAAATGACCAAATTTATAATGTAATTGTTACAGCTCATGCTTTTAGGATAATTTTCCTTATA,Sabethes_cyaneus,Dip1
26,PC1000A_ab01,keep,AACATTATATTTTATTTTCGGTGCTTGATCTGGAATAATTGGAACTTCATTAAGAATCCTTATTCGTGCAGAATTAGGACACCCAGGAGCTCTAATTGGAGACGATCAAATTTATAATGTTATCGTAACAGCTCATGCTTGGATTATAATCTGTTTCATA,Dermatobia_hominis,Dip2
27,PC1000A_ab01,keep,AACATTATATTTTATTTTTGGAGCATGAGCTGGAATAGTAGGAACTTCTCTAAGAATTTTAATTCGTATAGAATTAGGTCATCCAGGATCTTTCATTGGAAATGATCAAATTTATAATGTTATTGTTACTGCTCATGCTTTCATTATAATTTTTTTTATA,Vermiophis_taishanensis,Dip3
28,PC1000A_ab01,keep,AACTCTTTATTTTATTTTCGGAGCATGATCCGGCATAATTGGAACTTCCTTAAGTTTACTCATTCGGGCTGAATTGGGACAGCCCGGTTCTCTAATTGGAGATGATCAGATTTATAATGTTATTGTCACTGCTCACGCTTTTGTAATAATTTTCTTTATA,Vietnamella_sinensis,Eph1
29,PC1000A_ab01,keep,AACATTGTATATAATTTTTGGGGTGTGATGTGGAATAGTTGGGACTGGTTTGTCATTGTTAATTCGGTTAGAATTAGGAACGGCAGGAGTATTATCTGATGATCATTTTTTTAATGTTATTGTTACTGCACATGCTTTTGTAATAATTTTTTTTATA,Ryssota_otaheitana,Gas1
30,PC1000A_ab01,keep,CACTTTATATTTTATTTTAGGGATATGAGCCGGTATATTAGGAACATCACTTAGATGAATCATCCGTATTGAATTAGGAATACCAGGATCATTTATTGGAGATGATCAAACATATAACGTTGTAGTCACTGCACATGCATTTATCATAATTTTTTTTATA,Creontiades_dilutus,Het1
31,PC1000A_ab01,keep,GACATTATATTTTGTGTTCGGGGCTTGAGCCGGGGCGGTTGGTACTGCTTTAAGAATGATTATTCGTTCGGAACTTGGGCAGCCAGGAAGGTTTATTGGGGATGATCAAATTTATAATGTAGTGGTGACTGCCCATGCATTTGTAATAATTTTTTTTATA,Sphaeroma_terebrans,Iso1
32,PC1000A_ab01,keep,TACTTTATATTTTATTTTTGGAATTTGAGCAGGAATAGTAGGAACTTCTTTAAGTTTATTAATTCGAACTGAATTAGGGAATCCAGGATCATTAATTGGAGATGATCAAATTTATAATACTATTGTAACAGCTCATGCTTGCATTATAATTCTTTGTATA,Salamis_anteva,Lep1
33,PC1000A_ab01,keep,AACTTTATACTTTATTTTTGGAATTTGAGCAGGAATAGTAGGTACTTCTTTAAGTCTTCTTATTCGAGCTGAATTAGGTACCCCAGGATCTTTAATTGGAGATGATCAAATTTATAATACAATTGTAACAGCTCATGCCTTTATTATAATTTTCTTCATG,Actias_luna,Lep2
34,PC1000A_ab01,keep,AACTATATATTTCATTTTAGGAATTTGATCAGGATTATTAGGTACAACTTTAAGTATAATAATTCGAATAGAATTAGGAAATCCTGGATCACTTTTAGCAAATGATCAACTTTATAATACTATTGTTACAGCACATGCTTTCATTATAATTTTCTTTATA,Leucoptera_coffeella,Lep3
35,PC1000A_ab01,keep,AACATTATATTTTATTTTTGGTGCTTGAGCTGGAATGCTCGGAACATCACTAAGAATTTTAATTCGAACCGAATTAGGTCAACCAGGATCTTTAATTGGAGATGACCAAATTTACAATGTTATTGTAAGCGCACATGCCTTTATTATAATTTTCTTTATA,Hierodula_chinensis,Man1
36,PC1000A_ab01,keep,AACTTTGTATTTATTATTTGGTACATGATCAGGAATAGTAGGAACAGCGTTAAGTATATTAATTCGAGTAGAACTAGGATACCCAGGATCATTGATTGGTGACGATCAAATTTATAATGTAGTTGTAACGGCTCATGCATTTGTAATAATTTTTTTTATA,Megaloprepus_caerulatus,Odo1
37,PC1000A_ab01,keep,AACCTTGTATTTTATATTTGGAGCATGAGCAGGAATAGCAGGAACATCTATAAGAATAATTATTCGATCAGAACTAGGTCAACCAGGTTCAATAATTGGAGATGATCAAATTTATAATGTTATTATTACAGCTCACGCATTTATTATAATTTTCTTTATA,Hilethera_xinjiangensis,Ort1
38,PC1000A_ab01,keep,AACACTATATTTTATTTTCGGAGCATGATCAGGAATAGTAGGAACTTCCCTCAGTCTCCTAATTCGTGCTGAACTTGGCCAACCTGGTTCTCTTATTGGAGATGACCAAATCTATAACGTAATTGTAACTGCTCACGCCTTTGTCATAATTTTTTTTATA,Pteronarcella_badia,Ple1
39,PC1000B_ab01,keep,AACTTTATACTTTATTTTAGGTGTTTGAGCTGGAATAATTGGTGCTGGAATAAGACTTCTTATTCGAATTGAACTAAGACAGCCTGGGGCTTTTTTAGGTAGAGATCAGTTATATAATACTATTGTAACGGCACATGCCTTTATTATAATTTTCTTCTTG,Drawida_ghilarovi,Ann1
40,PC1000B_ab01,keep,GACTATATATATAATTTTTGGGATATGAGCTGCTATAATTGGTTCAGCCTTAAGAATTCTAATTCGAACTGAATTAGGCCAACCAGGGTCATTAATAAATGATGATCAAATTTACAATGTAATTGTTACTGCCCATGCTTTTGTAATAATTTTCTTTATA,Oligolophus_tienmushanensis,Ara1
41,PC1000B_ab01,keep,AACTTTATATTTAGTATTTGGTGCTTGGTCTGCTATAGTAGGAACTGCAATAAGAGTATTGATTCGTATGGAGTTAGGTCAGACAGGGAGTCTTTTAGGTAATGATCATATATATAATGTAATTGTAACTGCTCATGCTTTTGTAATAATTTTTTTTATA,Phanuelus_gladstone,Ara2
42,PC1000B_ab01,keep,AACTTTATATTTTTTATTTGGACTATGAGCAGGAATAGTAGGAACATCATTAAGAATTTTAATTCGTTTAGAATTAGGAACCCCCTCAGCCTTAATTGGAAACGATCAAATTTATAATGTAATTGTAACTGCCCATGCTTTTATCATAAGGTTTCTTATA,Nephus_oblongosignatus,Col1
43,PC1000B_ab01,keep,AACACTTTACTTCATCCTAGGATCATGGGCAGGAATAGTAGGAACATCATTAAGAGTTCTTATCCGAACAGAACTTGGAAATCCTGGAACACTAATCGGAAACGATCAAATTTATAATACCATTGTTACTGCCCACGCCTTCATTATAATCTTTTTTATA,Trigonopterus_carinirostris,Col2
44,PC1000B_ab01,keep,GACTTTATATTTTATTTTTGGTGCTTGATCAGGAATAGTAGGAACTTCCCTTAGAATTTTAATTCGAACTGAATTAAGACACCCCGGGACATTTATTGGAAATGACCAAATTTATAATGTAATTGTTACAGCTCATGCTTTTAGGATAATTTTCCTTATA,Sabethes_cyaneus,Dip1
45,PC1000B_ab01,keep,AACATTATATTTTATTTTCGGTGCTTGATCTGGAATAATTGGAACTTCATTAAGAATCCTTATTCGTGCAGAATTAGGACACCCAGGAGCTCTAATTGGAGACGATCAAATTTATAATGTTATCGTAACAGCTCATGCTTGGATTATAATCTGTTTCATA,Dermatobia_hominis,Dip2
46,PC1000B_ab01,keep,AACATTATATTTTATTTTTGGAGCATGAGCTGGAATAGTAGGAACTTCTCTAAGAATTTTAATTCGTATAGAATTAGGTCATCCAGGATCTTTCATTGGAAATGATCAAATTTATAATGTTATTGTTACTGCTCATGCTTTCATTATAATTTTTTTTATA,Vermiophis_taishanensis,Dip3
47,PC1000B_ab01,keep,AACTCTTTATTTTATTTTCGGAGCATGATCCGGCATAATTGGAACTTCCTTAAGTTTACTCATTCGGGCTGAATTGGGACAGCCCGGTTCTCTAATTGGAGATGATCAGATTTATAATGTTATTGTCACTGCTCACGCTTTTGTAATAATTTTCTTTATA,Vietnamella_sinensis,Eph1
48,PC1000B_ab01,keep,AACATTGTATATAATTTTTGGGGTGTGATGTGGAATAGTTGGGACTGGTTTGTCATTGTTAATTCGGTTAGAATTAGGAACGGCAGGAGTATTATCTGATGATCATTTTTTTAATGTTATTGTTACTGCACATGCTTTTGTAATAATTTTTTTTATA,Ryssota_otaheitana,Gas1
49,PC1000B_ab01,keep,CACTTTATATTTTATTTTAGGGATATGAGCCGGTATATTAGGAACATCACTTAGATGAATCATCCGTATTGAATTAGGAATACCAGGATCATTTATTGGAGATGATCAAACATATAACGTTGTAGTCACTGCACATGCATTTATCATAATTTTTTTTATA,Creontiades_dilutus,Het1
50,PC1000B_ab01,keep,GACATTATATTTTGTGTTCGGGGCTTGAGCCGGGGCGGTTGGTACTGCTTTAAGAATGATTATTCGTTCGGAACTTGGGCAGCCAGGAAGGTTTATTGGGGATGATCAAATTTATAATGTAGTGGTGACTGCCCATGCATTTGTAATAATTTTTTTTATA,Sphaeroma_terebrans,Iso1
51,PC1000B_ab01,keep,TACTTTATATTTTATTTTTGGAATTTGAGCAGGAATAGTAGGAACTTCTTTAAGTTTATTAATTCGAACTGAATTAGGGAATCCAGGATCATTAATTGGAGATGATCAAATTTATAATACTATTGTAACAGCTCATGCTTGCATTATAATTCTTTGTATA,Salamis_anteva,Lep1
52,PC1000B_ab01,keep,AACTTTATACTTTATTTTTGGAATTTGAGCAGGAATAGTAGGTACTTCTTTAAGTCTTCTTATTCGAGCTGAATTAGGTACCCCAGGATCTTTAATTGGAGATGATCAAATTTATAATACAATTGTAACAGCTCATGCCTTTATTATAATTTTCTTCATG,Actias_luna,Lep2
53,PC1000B_ab01,keep,AACTATATATTTCATTTTAGGAATTTGATCAGGATTATTAGGTACAACTTTAAGTATAATAATTCGAATAGAATTAGGAAATCCTGGATCACTTTTAGCAAATGATCAACTTTATAATACTATTGTTACAGCACATGCTTTCATTATAATTTTCTTTATA,Leucoptera_coffeella,Lep3
54,PC1000B_ab01,keep,AACATTATATTTTATTTTTGGTGCTTGAGCTGGAATGCTCGGAACATCACTAAGAATTTTAATTCGAACCGAATTAGGTCAACCAGGATCTTTAATTGGAGATGACCAAATTTACAATGTTATTGTAAGCGCACATGCCTTTATTATAATTTTCTTTATA,Hierodula_chinensis,Man1
55,PC1000B_ab01,keep,AACTTTGTATTTATTATTTGGTACATGATCAGGAATAGTAGGAACAGCGTTAAGTATATTAATTCGAGTAGAACTAGGATACCCAGGATCATTGATTGGTGACGATCAAATTTATAATGTAGTTGTAACGGCTCATGCATTTGTAATAATTTTTTTTATA,Megaloprepus_caerulatus,Odo1
56,PC1000B_ab01,keep,AACCTTGTATTTTATATTTGGAGCATGAGCAGGAATAGCAGGAACATCTATAAGAATAATTATTCGATCAGAACTAGGTCAACCAGGTTCAATAATTGGAGATGATCAAATTTATAATGTTATTATTACAGCTCACGCATTTATTATAATTTTCTTTATA,Hilethera_xinjiangensis,Ort1
57,PC1000B_ab01,keep,AACACTATATTTTATTTTCGGAGCATGATCAGGAATAGTAGGAACTTCCCTCAGTCTCCTAATTCGTGCTGAACTTGGCCAACCTGGTTCTCTTATTGGAGATGACCAAATCTATAACGTAATTGTAACTGCTCACGCCTTTGTCATAATTTTTTTTATA,Pteronarcella_badia,Ple1
58,PC0001A_ab01,keep,AACTTTATACTTTATTTTAGGTGTTTGAGCTGGAATAATTGGTGCTGGAATAAGACTTCTTATTCGAATTGAACTAAGACAGCCTGGGGCTTTTTTAGGTAGAGATCAGTTATATAATACTATTGTAACGGCACATGCCTTTATTATAATTTTCTTCTTG,Drawida_ghilarovi,Ann1
59,PC0001A_ab01,keep,GACTATATATATAATTTTTGGGATATGAGCTGCTATAATTGGTTCAGCCTTAAGAATTCTAATTCGAACTGAATTAGGCCAACCAGGGTCATTAATAAATGATGATCAAATTTACAATGTAATTGTTACTGCCCATGCTTTTGTAATAATTTTCTTTATA,Oligolophus_tienmushanensis,Ara1
60,PC0001A_ab01,keep,AACTTTATATTTAGTATTTGGTGCTTGGTCTGCTATAGTAGGAACTGCAATAAGAGTATTGATTCGTATGGAGTTAGGTCAGACAGGGAGTCTTTTAGGTAATGATCATATATATAATGTAATTGTAACTGCTCATGCTTTTGTAATAATTTTTTTTATA,Phanuelus_gladstone,Ara2
61,PC0001A_ab01,keep,AACTTTATATTTTTTATTTGGACTATGAGCAGGAATAGTAGGAACATCATTAAGAATTTTAATTCGTTTAGAATTAGGAACCCCCTCAGCCTTAATTGGAAACGATCAAATTTATAATGTAATTGTAACTGCCCATGCTTTTATCATAAGGTTTCTTATA,Nephus_oblongosignatus,Col1
62,PC0001A_ab01,keep,AACACTTTACTTCATCCTAGGATCATGGGCAGGAATAGTAGGAACATCATTAAGAGTTCTTATCCGAACAGAACTTGGAAATCCTGGAACACTAATCGGAAACGATCAAATTTATAATACCATTGTTACTGCCCACGCCTTCATTATAATCTTTTTTATA,Trigonopterus_carinirostris,Col2
63,PC0001A_ab01,keep,GACTTTATATTTTATTTTTGGTGCTTGATCAGGAATAGTAGGAACTTCCCTTAGAATTTTAATTCGAACTGAATTAAGACACCCCGGGACATTTATTGGAAATGACCAAATTTATAATGTAATTGTTACAGCTCATGCTTTTAGGATAATTTTCCTTATA,Sabethes_cyaneus,Dip1
64,PC0001A_ab01,keep,AACATTATATTTTATTTTCGGTGCTTGATCTGGAATAATTGGAACTTCATTAAGAATCCTTATTCGTGCAGAATTAGGACACCCAGGAGCTCTAATTGGAGACGATCAAATTTATAATGTTATCGTAACAGCTCATGCTTGGATTATAATCTGTTTCATA,Dermatobia_hominis,Dip2
65,PC0001A_ab01,keep,AACATTATATTTTATTTTTGGAGCATGAGCTGGAATAGTAGGAACTTCTCTAAGAATTTTAATTCGTATAGAATTAGGTCATCCAGGATCTTTCATTGGAAATGATCAAATTTATAATGTTATTGTTACTGCTCATGCTTTCATTATAATTTTTTTTATA,Vermiophis_taishanensis,Dip3
66,PC0001A_ab01,keep,AACTCTTTATTTTATTTTCGGAGCATGATCCGGCATAATTGGAACTTCCTTAAGTTTACTCATTCGGGCTGAATTGGGACAGCCCGGTTCTCTAATTGGAGATGATCAGATTTATAATGTTATTGTCACTGCTCACGCTTTTGTAATAATTTTCTTTATA,Vietnamella_sinensis,Eph1
67,PC0001A_ab01,keep,AACATTGTATATAATTTTTGGGGTGTGATGTGGAATAGTTGGGACTGGTTTGTCATTGTTAATTCGGTTAGAATTAGGAACGGCAGGAGTATTATCTGATGATCATTTTTTTAATGTTATTGTTACTGCACATGCTTTTGTAATAATTTTTTTTATA,Ryssota_otaheitana,Gas1
68,PC0001A_ab01,keep,CACTTTATATTTTATTTTAGGGATATGAGCCGGTATATTAGGAACATCACTTAGATGAATCATCCGTATTGAATTAGGAATACCAGGATCATTTATTGGAGATGATCAAACATATAACGTTGTAGTCACTGCACATGCATTTATCATAATTTTTTTTATA,Creontiades_dilutus,Het1
69,PC0001A_ab01,keep,GACATTATATTTTGTGTTCGGGGCTTGAGCCGGGGCGGTTGGTACTGCTTTAAGAATGATTATTCGTTCGGAACTTGGGCAGCCAGGAAGGTTTATTGGGGATGATCAAATTTATAATGTAGTGGTGACTGCCCATGCATTTGTAATAATTTTTTTTATA,Sphaeroma_terebrans,Iso1
70,PC0001A_ab01,keep,TACTTTATATTTTATTTTTGGAATTTGAGCAGGAATAGTAGGAACTTCTTTAAGTTTATTAATTCGAACTGAATTAGGGAATCCAGGATCATTAATTGGAGATGATCAAATTTATAATACTATTGTAACAGCTCATGCTTGCATTATAATTCTTTGTATA,Salamis_anteva,Lep1
71,PC0001A_ab01,keep,AACTTTATACTTTATTTTTGGAATTTGAGCAGGAATAGTAGGTACTTCTTTAAGTCTTCTTATTCGAGCTGAATTAGGTACCCCAGGATCTTTAATTGGAGATGATCAAATTTATAATACAATTGTAACAGCTCATGCCTTTATTATAATTTTCTTCATG,Actias_luna,Lep2
72,PC0001A_ab01,keep,AACTATATATTTCATTTTAGGAATTTGATCAGGATTATTAGGTACAACTTTAAGTATAATAATTCGAATAGAATTAGGAAATCCTGGATCACTTTTAGCAAATGATCAACTTTATAATACTATTGTTACAGCACATGCTTTCATTATAATTTTCTTTATA,Leucoptera_coffeella,Lep3
73,PC0001A_ab01,keep,AACATTATATTTTATTTTTGGTGCTTGAGCTGGAATGCTCGGAACATCACTAAGAATTTTAATTCGAACCGAATTAGGTCAACCAGGATCTTTAATTGGAGATGACCAAATTTACAATGTTATTGTAAGCGCACATGCCTTTATTATAATTTTCTTTATA,Hierodula_chinensis,Man1
74,PC0001A_ab01,keep,AACTTTGTATTTATTATTTGGTACATGATCAGGAATAGTAGGAACAGCGTTAAGTATATTAATTCGAGTAGAACTAGGATACCCAGGATCATTGATTGGTGACGATCAAATTTATAATGTAGTTGTAACGGCTCATGCATTTGTAATAATTTTTTTTATA,Megaloprepus_caerulatus,Odo1
75,PC0001A_ab01,keep,AACCTTGTATTTTATATTTGGAGCATGAGCAGGAATAGCAGGAACATCTATAAGAATAATTATTCGATCAGAACTAGGTCAACCAGGTTCAATAATTGGAGATGATCAAATTTATAATGTTATTATTACAGCTCACGCATTTATTATAATTTTCTTTATA,Hilethera_xinjiangensis,Ort1
76,PC0001A_ab01,keep,AACACTATATTTTATTTTCGGAGCATGATCAGGAATAGTAGGAACTTCCCTCAGTCTCCTAATTCGTGCTGAACTTGGCCAACCTGGTTCTCTTATTGGAGATGACCAAATCTATAACGTAATTGTAACTGCTCACGCCTTTGTCATAATTTTTTTTATA,Pteronarcella_badia,Ple1
77,PC0010A_ab01,keep,AACTTTATACTTTATTTTAGGTGTTTGAGCTGGAATAATTGGTGCTGGAATAAGACTTCTTATTCGAATTGAACTAAGACAGCCTGGGGCTTTTTTAGGTAGAGATCAGTTATATAATACTATTGTAACGGCACATGCCTTTATTATAATTTTCTTCTTG,Drawida_ghilarovi,Ann1
78,PC0010A_ab01,keep,GACTATATATATAATTTTTGGGATATGAGCTGCTATAATTGGTTCAGCCTTAAGAATTCTAATTCGAACTGAATTAGGCCAACCAGGGTCATTAATAAATGATGATCAAATTTACAATGTAATTGTTACTGCCCATGCTTTTGTAATAATTTTCTTTATA,Oligolophus_tienmushanensis,Ara1
79,PC0010A_ab01,keep,AACTTTATATTTAGTATTTGGTGCTTGGTCTGCTATAGTAGGAACTGCAATAAGAGTATTGATTCGTATGGAGTTAGGTCAGACAGGGAGTCTTTTAGGTAATGATCATATATATAATGTAATTGTAACTGCTCATGCTTTTGTAATAATTTTTTTTATA,Phanuelus_gladstone,Ara2
80,PC0010A_ab01,keep,AACTTTATATTTTTTATTTGGACTATGAGCAGGAATAGTAGGAACATCATTAAGAATTTTAATTCGTTTAGAATTAGGAACCCCCTCAGCCTTAATTGGAAACGATCAAATTTATAATGTAATTGTAACTGCCCATGCTTTTATCATAAGGTTTCTTATA,Nephus_oblongosignatus,Col1
81,PC0010A_ab01,keep,AACACTTTACTTCATCCTAGGATCATGGGCAGGAATAGTAGGAACATCATTAAGAGTTCTTATCCGAACAGAACTTGGAAATCCTGGAACACTAATCGGAAACGATCAAATTTATAATACCATTGTTACTGCCCACGCCTTCATTATAATCTTTTTTATA,Trigonopterus_carinirostris,Col2
82,PC0010A_ab01,keep,GACTTTATATTTTATTTTTGGTGCTTGATCAGGAATAGTAGGAACTTCCCTTAGAATTTTAATTCGAACTGAATTAAGACACCCCGGGACATTTATTGGAAATGACCAAATTTATAATGTAATTGTTACAGCTCATGCTTTTAGGATAATTTTCCTTATA,Sabethes_cyaneus,Dip1
83,PC0010A_ab01,keep,AACATTATATTTTATTTTCGGTGCTTGATCTGGAATAATTGGAACTTCATTAAGAATCCTTATTCGTGCAGAATTAGGACACCCAGGAGCTCTAATTGGAGACGATCAAATTTATAATGTTATCGTAACAGCTCATGCTTGGATTATAATCTGTTTCATA,Dermatobia_hominis,Dip2
84,PC0010A_ab01,keep,AACATTATATTTTATTTTTGGAGCATGAGCTGGAATAGTAGGAACTTCTCTAAGAATTTTAATTCGTATAGAATTAGGTCATCCAGGATCTTTCATTGGAAATGATCAAATTTATAATGTTATTGTTACTGCTCATGCTTTCATTATAATTTTTTTTATA,Vermiophis_taishanensis,Dip3
85,PC0010A_ab01,keep,AACTCTTTATTTTATTTTCGGAGCATGATCCGGCATAATTGGAACTTCCTTAAGTTTACTCATTCGGGCTGAATTGGGACAGCCCGGTTCTCTAATTGGAGATGATCAGATTTATAATGTTATTGTCACTGCTCACGCTTTTGTAATAATTTTCTTTATA,Vietnamella_sinensis,Eph1
86,PC0010A_ab01,keep,AACATTGTATATAATTTTTGGGGTGTGATGTGGAATAGTTGGGACTGGTTTGTCATTGTTAATTCGGTTAGAATTAGGAACGGCAGGAGTATTATCTGATGATCATTTTTTTAATGTTATTGTTACTGCACATGCTTTTGTAATAATTTTTTTTATA,Ryssota_otaheitana,Gas1
87,PC0010A_ab01,keep,CACTTTATATTTTATTTTAGGGATATGAGCCGGTATATTAGGAACATCACTTAGATGAATCATCCGTATTGAATTAGGAATACCAGGATCATTTATTGGAGATGATCAAACATATAACGTTGTAGTCACTGCACATGCATTTATCATAATTTTTTTTATA,Creontiades_dilutus,Het1
88,PC0010A_ab01,keep,GACATTATATTTTGTGTTCGGGGCTTGAGCCGGGGCGGTTGGTACTGCTTTAAGAATGATTATTCGTTCGGAACTTGGGCAGCCAGGAAGGTTTATTGGGGATGATCAAATTTATAATGTAGTGGTGACTGCCCATGCATTTGTAATAATTTTTTTTATA,Sphaeroma_terebrans,Iso1
89,PC0010A_ab01,keep,TACTTTATATTTTATTTTTGGAATTTGAGCAGGAATAGTAGGAACTTCTTTAAGTTTATTAATTCGAACTGAATTAGGGAATCCAGGATCATTAATTGGAGATGATCAAATTTATAATACTATTGTAACAGCTCATGCTTGCATTATAATTCTTTGTATA,Salamis_anteva,Lep1
90,PC0010A_ab01,keep,AACTTTATACTTTATTTTTGGAATTTGAGCAGGAATAGTAGGTACTTCTTTAAGTCTTCTTATTCGAGCTGAATTAGGTACCCCAGGATCTTTAATTGGAGATGATCAAATTTATAATACAATTGTAACAGCTCATGCCTTTATTATAATTTTCTTCATG,Actias_luna,Lep2
91,PC0010A_ab01,keep,AACTATATATTTCATTTTAGGAATTTGATCAGGATTATTAGGTACAACTTTAAGTATAATAATTCGAATAGAATTAGGAAATCCTGGATCACTTTTAGCAAATGATCAACTTTATAATACTATTGTTACAGCACATGCTTTCATTATAATTTTCTTTATA,Leucoptera_coffeella,Lep3
92,PC0010A_ab01,keep,AACATTATATTTTATTTTTGGTGCTTGAGCTGGAATGCTCGGAACATCACTAAGAATTTTAATTCGAACCGAATTAGGTCAACCAGGATCTTTAATTGGAGATGACCAAATTTACAATGTTATTGTAAGCGCACATGCCTTTATTATAATTTTCTTTATA,Hierodula_chinensis,Man1
93,PC0010A_ab01,keep,AACTTTGTATTTATTATTTGGTACATGATCAGGAATAGTAGGAACAGCGTTAAGTATATTAATTCGAGTAGAACTAGGATACCCAGGATCATTGATTGGTGACGATCAAATTTATAATGTAGTTGTAACGGCTCATGCATTTGTAATAATTTTTTTTATA,Megaloprepus_caerulatus,Odo1
94,PC0010A_ab01,keep,AACCTTGTATTTTATATTTGGAGCATGAGCAGGAATAGCAGGAACATCTATAAGAATAATTATTCGATCAGAACTAGGTCAACCAGGTTCAATAATTGGAGATGATCAAATTTATAATGTTATTATTACAGCTCACGCATTTATTATAATTTTCTTTATA,Hilethera_xinjiangensis,Ort1
95,PC0010A_ab01,keep,AACACTATATTTTATTTTCGGAGCATGATCAGGAATAGTAGGAACTTCCCTCAGTCTCCTAATTCGTGCTGAACTTGGCCAACCTGGTTCTCTTATTGGAGATGACCAAATCTATAACGTAATTGTAACTGCTCACGCCTTTGTCATAATTTTTTTTATA,Pteronarcella_badia,Ple1
96,PC0010B_ab01,keep,AACTTTATACTTTATTTTAGGTGTTTGAGCTGGAATAATTGGTGCTGGAATAAGACTTCTTATTCGAATTGAACTAAGACAGCCTGGGGCTTTTTTAGGTAGAGATCAGTTATATAATACTATTGTAACGGCACATGCCTTTATTATAATTTTCTTCTTG,Drawida_ghilarovi,Ann1
97,PC0010B_ab01,keep,GACTATATATATAATTTTTGGGATATGAGCTGCTATAATTGGTTCAGCCTTAAGAATTCTAATTCGAACTGAATTAGGCCAACCAGGGTCATTAATAAATGATGATCAAATTTACAATGTAATTGTTACTGCCCATGCTTTTGTAATAATTTTCTTTATA,Oligolophus_tienmushanensis,Ara1
98,PC0010B_ab01,keep,AACTTTATATTTAGTATTTGGTGCTTGGTCTGCTATAGTAGGAACTGCAATAAGAGTATTGATTCGTATGGAGTTAGGTCAGACAGGGAGTCTTTTAGGTAATGATCATATATATAATGTAATTGTAACTGCTCATGCTTTTGTAATAATTTTTTTTATA,Phanuelus_gladstone,Ara2
99,PC0010B_ab01,keep,AACTTTATATTTTTTATTTGGACTATGAGCAGGAATAGTAGGAACATCATTAAGAATTTTAATTCGTTTAGAATTAGGAACCCCCTCAGCCTTAATTGGAAACGATCAAATTTATAATGTAATTGTAACTGCCCATGCTTTTATCATAAGGTTTCTTATA,Nephus_oblongosignatus,Col1
100,PC0010B_ab01,keep,AACACTTTACTTCATCCTAGGATCATGGGCAGGAATAGTAGGAACATCATTAAGAGTTCTTATCCGAACAGAACTTGGAAATCCTGGAACACTAATCGGAAACGATCAAATTTATAATACCATTGTTACTGCCCACGCCTTCATTATAATCTTTTTTATA,Trigonopterus_carinirostris,Col2
101,PC0010B_ab01,keep,GACTTTATATTTTATTTTTGGTGCTTGATCAGGAATAGTAGGAACTTCCCTTAGAATTTTAATTCGAACTGAATTAAGACACCCCGGGACATTTATTGGAAATGACCAAATTTATAATGTAATTGTTACAGCTCATGCTTTTAGGATAATTTTCCTTATA,Sabethes_cyaneus,Dip1
102,PC0010B_ab01,keep,AACATTATATTTTATTTTCGGTGCTTGATCTGGAATAATTGGAACTTCATTAAGAATCCTTATTCGTGCAGAATTAGGACACCCAGGAGCTCTAATTGGAGACGATCAAATTTATAATGTTATCGTAACAGCTCATGCTTGGATTATAATCTGTTTCATA,Dermatobia_hominis,Dip2
103,PC0010B_ab01,keep,AACATTATATTTTATTTTTGGAGCATGAGCTGGAATAGTAGGAACTTCTCTAAGAATTTTAATTCGTATAGAATTAGGTCATCCAGGATCTTTCATTGGAAATGATCAAATTTATAATGTTATTGTTACTGCTCATGCTTTCATTATAATTTTTTTTATA,Vermiophis_taishanensis,Dip3
104,PC0010B_ab01,keep,AACTCTTTATTTTATTTTCGGAGCATGATCCGGCATAATTGGAACTTCCTTAAGTTTACTCATTCGGGCTGAATTGGGACAGCCCGGTTCTCTAATTGGAGATGATCAGATTTATAATGTTATTGTCACTGCTCACGCTTTTGTAATAATTTTCTTTATA,Vietnamella_sinensis,Eph1
105,PC0010B_ab01,keep,AACATTGTATATAATTTTTGGGGTGTGATGTGGAATAGTTGGGACTGGTTTGTCATTGTTAATTCGGTTAGAATTAGGAACGGCAGGAGTATTATCTGATGATCATTTTTTTAATGTTATTGTTACTGCACATGCTTTTGTAATAATTTTTTTTATA,Ryssota_otaheitana,Gas1
106,PC0010B_ab01,keep,CACTTTATATTTTATTTTAGGGATATGAGCCGGTATATTAGGAACATCACTTAGATGAATCATCCGTATTGAATTAGGAATACCAGGATCATTTATTGGAGATGATCAAACATATAACGTTGTAGTCACTGCACATGCATTTATCATAATTTTTTTTATA,Creontiades_dilutus,Het1
107,PC0010B_ab01,keep,GACATTATATTTTGTGTTCGGGGCTTGAGCCGGGGCGGTTGGTACTGCTTTAAGAATGATTATTCGTTCGGAACTTGGGCAGCCAGGAAGGTTTATTGGGGATGATCAAATTTATAATGTAGTGGTGACTGCCCATGCATTTGTAATAATTTTTTTTATA,Sphaeroma_terebrans,Iso1
108,PC0010B_ab01,keep,TACTTTATATTTTATTTTTGGAATTTGAGCAGGAATAGTAGGAACTTCTTTAAGTTTATTAATTCGAACTGAATTAGGGAATCCAGGATCATTAATTGGAGATGATCAAATTTATAATACTATTGTAACAGCTCATGCTTGCATTATAATTCTTTGTATA,Salamis_anteva,Lep1
109,PC0010B_ab01,keep,AACTTTATACTTTATTTTTGGAATTTGAGCAGGAATAGTAGGTACTTCTTTAAGTCTTCTTATTCGAGCTGAATTAGGTACCCCAGGATCTTTAATTGGAGATGATCAAATTTATAATACAATTGTAACAGCTCATGCCTTTATTATAATTTTCTTCATG,Actias_luna,Lep2
110,PC0010B_ab01,keep,AACTATATATTTCATTTTAGGAATTTGATCAGGATTATTAGGTACAACTTTAAGTATAATAATTCGAATAGAATTAGGAAATCCTGGATCACTTTTAGCAAATGATCAACTTTATAATACTATTGTTACAGCACATGCTTTCATTATAATTTTCTTTATA,Leucoptera_coffeella,Lep3
111,PC0010B_ab01,keep,AACATTATATTTTATTTTTGGTGCTTGAGCTGGAATGCTCGGAACATCACTAAGAATTTTAATTCGAACCGAATTAGGTCAACCAGGATCTTTAATTGGAGATGACCAAATTTACAATGTTATTGTAAGCGCACATGCCTTTATTATAATTTTCTTTATA,Hierodula_chinensis,Man1
112,PC0010B_ab01,keep,AACTTTGTATTTATTATTTGGTACATGATCAGGAATAGTAGGAACAGCGTTAAGTATATTAATTCGAGTAGAACTAGGATACCCAGGATCATTGATTGGTGACGATCAAATTTATAATGTAGTTGTAACGGCTCATGCATTTGTAATAATTTTTTTTATA,Megaloprepus_caerulatus,Odo1
113,PC0010B_ab01,keep,AACCTTGTATTTTATATTTGGAGCATGAGCAGGAATAGCAGGAACATCTATAAGAATAATTATTCGATCAGAACTAGGTCAACCAGGTTCAATAATTGGAGATGATCAAATTTATAATGTTATTATTACAGCTCACGCATTTATTATAATTTTCTTTATA,Hilethera_xinjiangensis,Ort1
114,PC0010B_ab01,keep,AACACTATATTTTATTTTCGGAGCATGATCAGGAATAGTAGGAACTTCCCTCAGTCTCCTAATTCGTGCTGAACTTGGCCAACCTGGTTCTCTTATTGGAGATGACCAAATCTATAACGTAATTGTAACTGCTCACGCCTTTGTCATAATTTTTTTTATA,Pteronarcella_badia,Ple1
115,PC0100A_ab01,keep,AACTTTATACTTTATTTTAGGTGTTTGAGCTGGAATAATTGGTGCTGGAATAAGACTTCTTATTCGAATTGAACTAAGACAGCCTGGGGCTTTTTTAGGTAGAGATCAGTTATATAATACTATTGTAACGGCACATGCCTTTATTATAATTTTCTTCTTG,Drawida_ghilarovi,Ann1
116,PC0100A_ab01,keep,GACTATATATATAATTTTTGGGATATGAGCTGCTATAATTGGTTCAGCCTTAAGAATTCTAATTCGAACTGAATTAGGCCAACCAGGGTCATTAATAAATGATGATCAAATTTACAATGTAATTGTTACTGCCCATGCTTTTGTAATAATTTTCTTTATA,Oligolophus_tienmushanensis,Ara1
117,PC0100A_ab01,keep,AACTTTATATTTAGTATTTGGTGCTTGGTCTGCTATAGTAGGAACTGCAATAAGAGTATTGATTCGTATGGAGTTAGGTCAGACAGGGAGTCTTTTAGGTAATGATCATATATATAATGTAATTGTAACTGCTCATGCTTTTGTAATAATTTTTTTTATA,Phanuelus_gladstone,Ara2
118,PC0100A_ab01,keep,AACTTTATATTTTTTATTTGGACTATGAGCAGGAATAGTAGGAACATCATTAAGAATTTTAATTCGTTTAGAATTAGGAACCCCCTCAGCCTTAATTGGAAACGATCAAATTTATAATGTAATTGTAACTGCCCATGCTTTTATCATAAGGTTTCTTATA,Nephus_oblongosignatus,Col1
119,PC0100A_ab01,keep,AACACTTTACTTCATCCTAGGATCATGGGCAGGAATAGTAGGAACATCATTAAGAGTTCTTATCCGAACAGAACTTGGAAATCCTGGAACACTAATCGGAAACGATCAAATTTATAATACCATTGTTACTGCCCACGCCTTCATTATAATCTTTTTTATA,Trigonopterus_carinirostris,Col2
120,PC0100A_ab01,keep,GACTTTATATTTTATTTTTGGTGCTTGATCAGGAATAGTAGGAACTTCCCTTAGAATTTTAATTCGAACTGAATTAAGACACCCCGGGACATTTATTGGAAATGACCAAATTTATAATGTAATTGTTACAGCTCATGCTTTTAGGATAATTTTCCTTATA,Sabethes_cyaneus,Dip1
121,PC0100A_ab01,keep,AACATTATATTTTATTTTCGGTGCTTGATCTGGAATAATTGGAACTTCATTAAGAATCCTTATTCGTGCAGAATTAGGACACCCAGGAGCTCTAATTGGAGACGATCAAATTTATAATGTTATCGTAACAGCTCATGCTTGGATTATAATCTGTTTCATA,Dermatobia_hominis,Dip2
122,PC0100A_ab01,keep,AACATTATATTTTATTTTTGGAGCATGAGCTGGAATAGTAGGAACTTCTCTAAGAATTTTAATTCGTATAGAATTAGGTCATCCAGGATCTTTCATTGGAAATGATCAAATTTATAATGTTATTGTTACTGCTCATGCTTTCATTATAATTTTTTTTATA,Vermiophis_taishanensis,Dip3
123,PC0100A_ab01,keep,AACTCTTTATTTTATTTTCGGAGCATGATCCGGCATAATTGGAACTTCCTTAAGTTTACTCATTCGGGCTGAATTGGGACAGCCCGGTTCTCTAATTGGAGATGATCAGATTTATAATGTTATTGTCACTGCTCACGCTTTTGTAATAATTTTCTTTATA,Vietnamella_sinensis,Eph1
124,PC0100A_ab01,keep,AACATTGTATATAATTTTTGGGGTGTGATGTGGAATAGTTGGGACTGGTTTGTCATTGTTAATTCGGTTAGAATTAGGAACGGCAGGAGTATTATCTGATGATCATTTTTTTAATGTTATTGTTACTGCACATGCTTTTGTAATAATTTTTTTTATA,Ryssota_otaheitana,Gas1
125,PC0100A_ab01,keep,CACTTTATATTTTATTTTAGGGATATGAGCCGGTATATTAGGAACATCACTTAGATGAATCATCCGTATTGAATTAGGAATACCAGGATCATTTATTGGAGATGATCAAACATATAACGTTGTAGTCACTGCACATGCATTTATCATAATTTTTTTTATA,Creontiades_dilutus,Het1
126,PC0100A_ab01,keep,GACATTATATTTTGTGTTCGGGGCTTGAGCCGGGGCGGTTGGTACTGCTTTAAGAATGATTATTCGTTCGGAACTTGGGCAGCCAGGAAGGTTTATTGGGGATGATCAAATTTATAATGTAGTGGTGACTGCCCATGCATTTGTAATAATTTTTTTTATA,Sphaeroma_terebrans,Iso1
127,PC0100A_ab01,keep,TACTTTATATTTTATTTTTGGAATTTGAGCAGGAATAGTAGGAACTTCTTTAAGTTTATTAATTCGAACTGAATTAGGGAATCCAGGATCATTAATTGGAGATGATCAAATTTATAATACTATTGTAACAGCTCATGCTTGCATTATAATTCTTTGTATA,Salamis_anteva,Lep1
128,PC0100A_ab01,keep,AACTTTATACTTTATTTTTGGAATTTGAGCAGGAATAGTAGGTACTTCTTTAAGTCTTCTTATTCGAGCTGAATTAGGTACCCCAGGATCTTTAATTGGAGATGATCAAATTTATAATACAATTGTAACAGCTCATGCCTTTATTATAATTTTCTTCATG,Actias_luna,Lep2
129,PC0100A_ab01,keep,AACTATATATTTCATTTTAGGAATTTGATCAGGATTATTAGGTACAACTTTAAGTATAATAATTCGAATAGAATTAGGAAATCCTGGATCACTTTTAGCAAATGATCAACTTTATAATACTATTGTTACAGCACATGCTTTCATTATAATTTTCTTTATA,Leucoptera_coffeella,Lep3
130,PC0100A_ab01,keep,AACATTATATTTTATTTTTGGTGCTTGAGCTGGAATGCTCGGAACATCACTAAGAATTTTAATTCGAACCGAATTAGGTCAACCAGGATCTTTAATTGGAGATGACCAAATTTACAATGTTATTGTAAGCGCACATGCCTTTATTATAATTTTCTTTATA,Hierodula_chinensis,Man1
131,PC0100A_ab01,keep,AACTTTGTATTTATTATTTGGTACATGATCAGGAATAGTAGGAACAGCGTTAAGTATATTAATTCGAGTAGAACTAGGATACCCAGGATCATTGATTGGTGACGATCAAATTTATAATGTAGTTGTAACGGCTCATGCATTTGTAATAATTTTTTTTATA,Megaloprepus_caerulatus,Odo1
132,PC0100A_ab01,keep,AACCTTGTATTTTATATTTGGAGCATGAGCAGGAATAGCAGGAACATCTATAAGAATAATTATTCGATCAGAACTAGGTCAACCAGGTTCAATAATTGGAGATGATCAAATTTATAATGTTATTATTACAGCTCACGCATTTATTATAATTTTCTTTATA,Hilethera_xinjiangensis,Ort1
133,PC0100A_ab01,keep,AACACTATATTTTATTTTCGGAGCATGATCAGGAATAGTAGGAACTTCCCTCAGTCTCCTAATTCGTGCTGAACTTGGCCAACCTGGTTCTCTTATTGGAGATGACCAAATCTATAACGTAATTGTAACTGCTCACGCCTTTGTCATAATTTTTTTTATA,Pteronarcella_badia,Ple1

