"tag_fw";"primer_fw";"tag_rv";"primer_rv";"plate";"marker";"sample";"sample_type";"habitat";"replicate";"fasta"
"tcgatcacgatgt";"TCCACTAATCACAARGATATTGGTAC";"tgtcgatctacagc";"WACTAATCAATTWCCAAATCCTCC";"plate1";"MFZR";"tpos1";"mock";"terrestrial";1;"mfzr_1_fw.fasta"
"agatcgtactagct";"TCCACTAATCACAARGATATTGGTAC";"tgtcgatctacagc";"WACTAATCAATTWCCAAATCCTCC";"plate1";"MFZR";"tnegtag";"negative";NA;1;"mfzr_1_fw.fasta"
"gtcgatcatgtca";"TCCACTAATCACAARGATATTGGTAC";"acatcgacgtacg";"WACTAATCAATTWCCAAATCCTCC";"plate1";"MFZR";"14ben01";"real";"freshwater";1;"mfzr_1_fw.fasta"
"catcgagtagag";"TCCACTAATCACAARGATATTGGTAC";"acatcgacgtacg";"WACTAATCAATTWCCAAATCCTCC";"plate1";"MFZR";"14ben02";"real";"freshwater";1;"mfzr_1_fw.fasta"
"tcgatcacgatgt";"TCCACTAATCACAARGATATTGGTAC";"tgtcgatctacagc";"WACTAATCAATTWCCAAATCCTCC";"plate1";"MFZR";"tpos1";"mock";"terrestrial";2;"mfzr_2_fw.fasta"
"agatcgtactagct";"TCCACTAATCACAARGATATTGGTAC";"tgtcgatctacagc";"WACTAATCAATTWCCAAATCCTCC";"plate1";"MFZR";"tnegtag";"negative";NA;2;"mfzr_2_fw.fasta"
"gtcgatcatgtca";"TCCACTAATCACAARGATATTGGTAC";"acatcgacgtacg";"WACTAATCAATTWCCAAATCCTCC";"plate1";"MFZR";"14ben01";"real";"freshwater";2;"mfzr_2_fw.fasta"
"catcgagtagag";"TCCACTAATCACAARGATATTGGTAC";"acatcgacgtacg";"WACTAATCAATTWCCAAATCCTCC";"plate1";"MFZR";"14ben02";"real";"freshwater";2;"mfzr_2_fw.fasta"
"tcgatcacgatgt";"TCCACTAATCACAARGATATTGGTAC";"tgtcgatctacagc";"WACTAATCAATTWCCAAATCCTCC";"plate1";"MFZR";"tpos1";"mock";"terrestrial";3;"mfzr_3_fw.fasta"
"agatcgtactagct";"TCCACTAATCACAARGATATTGGTAC";"tgtcgatctacagc";"WACTAATCAATTWCCAAATCCTCC";"plate1";"MFZR";"tnegtag";"negative";NA;3;"mfzr_3_fw.fasta"
"gtcgatcatgtca";"TCCACTAATCACAARGATATTGGTAC";"acatcgacgtacg";"WACTAATCAATTWCCAAATCCTCC";"plate1";"MFZR";"14ben01";"real";"freshwater";3;"mfzr_3_fw.fasta"
"catcgagtagag";"TCCACTAATCACAARGATATTGGTAC";"acatcgacgtacg";"WACTAATCAATTWCCAAATCCTCC";"plate1";"MFZR";"14ben02";"real";"freshwater";3;"mfzr_3_fw.fasta"
