"asv_id","14ben01","14ben02","tpos1","sum_rc","nb_samples","action.tpos1","ltg_taxid","ltg_name","ltg_rank","ltg_rank_index","domain_taxid","domain","kingdom_taxid","kingdom","phylum_taxid","phylum","class_taxid","class","order_taxid","order","family_taxid","family","genus_taxid","genus","species_taxid","species","pid","pcov","phit","taxn","seqn","refres","ltgres","asv"
NA,8540,6008,22830,NA,NA,NA,NA,NA,NA,NA,NA,NA,NA,NA,NA,NA,NA,NA,NA,NA,NA,NA,NA,NA,NA,NA,NA,NA,NA,NA,NA,NA,NA,NA
NA,2,19,10,NA,NA,NA,NA,NA,NA,NA,NA,NA,NA,NA,NA,NA,NA,NA,NA,NA,NA,NA,NA,NA,NA,NA,NA,NA,NA,NA,NA,NA,NA,NA
"1",0,0,288,288,1,"keep",1592914,"Caenis pusilla","species",8,2759,"Eukaryota",33208,"Metazoa",6656,"Arthropoda",50557,"Insecta",30073,"Ephemeroptera",197146,"Caenidae",197147,"Caenis",1592914,"Caenis pusilla",100,70,70,1,1,8,8,"ACTATATTTTATTTTTGGGGCTTGATCCGGAATGCTGGGCACCTCTCTAAGCCTTCTAATTCGTGCCGAGCTGGGGCACCCGGGTTCTTTAATTGGCGACGATCAAATTTACAATGTAATCGTCACAGCCCATGCTTTTATTATGATTTTTTTCATGGTTATGCCTATTATAATC"
"2",0,0,1562,1562,1,"keep",1042866,"Rheocricotopus chalybeatus","species",8,2759,"Eukaryota",33208,"Metazoa",6656,"Arthropoda",50557,"Insecta",7147,"Diptera",7149,"Chironomidae",611384,"Rheocricotopus",1042866,"Rheocricotopus chalybeatus",97,70,70,1,1,8,8,"ACTTTATTTTATTTTTGGTGCTTGATCAGGAATAGTAGGAACTTCTTTAAGAATTCTAATTCGAGCTGAATTAGGTCATGCCGGTTCATTAATTGGAGATGATCAAATTTATAATGTAATTGTAACTGCTCATGCTTTTGTAATAATTTTCTTTATAGTTATACCTATTTTAATT"
"3",0,0,15419,15419,1,"keep",869943,"Hydropsyche pellucidula","species",8,2759,"Eukaryota",33208,"Metazoa",6656,"Arthropoda",50557,"Insecta",30263,"Trichoptera",41030,"Hydropsychidae",50443,"Hydropsyche",869943,"Hydropsyche pellucidula",100,70,70,1,1,8,8,"CCTTTATTTTATTTTCGGTATCTGATCAGGTCTCGTAGGATCATCACTTAGATTTATTATTCGAATAGAATTAAGAACTCCTGGTAGATTTATTGGCAACGACCAAATTTATAACGTAATTGTTACATCTCATGCATTTATTATAATTTTTTTTATAGTTATACCAATCATAATT"
"4",0,0,314,314,1,"keep",611678,"Synorthocladius semivirens","species",8,2759,"Eukaryota",33208,"Metazoa",6656,"Arthropoda",50557,"Insecta",7147,"Diptera",7149,"Chironomidae",611392,"Synorthocladius",611678,"Synorthocladius semivirens",97,70,70,1,1,8,8,"CTTATATTTTATTTTTGGTGCTTGATCAGGGATAGTGGGAACTTCTTTAAGAATTCTTATTCGAGCTGAACTTGGTCATGCGGGATCTTTAATCGGAGACGATCAAATTTACAATGTAATTGTTACTGCACACGCCTTTGTAATAATTTTTTTTATAGTTATACCTATTTTAATT"
"5",0,0,4066,4066,1,"keep",189839,"Baetis rhodani","species",8,2759,"Eukaryota",33208,"Metazoa",6656,"Arthropoda",50557,"Insecta",30073,"Ephemeroptera",172515,"Baetidae",189838,"Baetis",189839,"Baetis rhodani",100,70,70,1,1,8,8,"TCTATATTTCATTTTTGGTGCTTGGGCAGGTATGGTAGGTACCTCATTAAGACTTTTAATTCGAGCCGAGTTGGGTAACCCGGGTTCATTAATTGGGGACGATCAAATTTATAACGTAATCGTAACTGCTCATGCCTTTATTATGATTTTTTTTATAGTGATACCTATTATAATT"
"6",0,0,205,205,1,"keep",58324,"Phoxinus phoxinus","species",8,2759,"Eukaryota",33208,"Metazoa",7711,"Chordata",186623,"Actinopteri",7952,"Cypriniformes",2743726,"Leuciscidae",42662,"Phoxinus",58324,"Phoxinus phoxinus",100,70,70,1,1,8,8,"CCTTTATCTTGTATTTGGTGCCTGGGCCGGAATGGTAGGGACCGCCCTAAGCCTTCTTATTCGGGCCGAACTAAGCCAGCCTGGCTCGCTATTAGGTGATAGCCAAATTTATAATGTTATTGTTACCGCCCACGCCTTCGTAATAATTTTCTTTATAGTCATGCCAATTCTCATT"
"32",0,0,205,205,1,NA,33317,"Protostomia","clade",2.5,2759,"Eukaryota",33208,"Metazoa",NA,NA,NA,NA,NA,NA,NA,NA,NA,NA,NA,NA,80,70,70,4,4,6,7,"ACTATACCTTATCTTCGCAGTATTCTCAGGAATGCTAGGAACTGCTTTTAGTGTTCTTATTCGAATGGAACTAACATCTCCAGGTGTACAATACCTACAGGGAAACCACCAACTTTACAATGTAATCATTACAGCTCACGCATTCCTAATGATCTTTTTCATGGTTATGCCAGGACTTGTT"
"224",0,0,150,150,1,NA,6656,"Arthropoda","phylum",3,2759,"Eukaryota",33208,"Metazoa",6656,"Arthropoda",NA,NA,NA,NA,NA,NA,NA,NA,NA,NA,97,70,70,1,1,8,8,"ACTTTATTTCATTTTCGGAACATTTGCAGGAGTTGTAGGAACTTTACTTTCATTATTTATTCGTCTTGAATTAGCTTATCCAGGAAATCAATTTTTTTTAGGAAATCACCAACTTTATAATGTGGTTGTGACAGCACATGCTTTTATCATGATTTTTTTCATGGTTATGCCGATTTTAATC"
"602",0,0,198,198,1,NA,NA,NA,NA,NA,NA,NA,NA,NA,NA,NA,NA,NA,NA,NA,NA,NA,NA,NA,NA,NA,NA,NA,NA,NA,NA,NA,NA,"ATTGTACCTTATATTTGCCTTATTTTCAGGGCTATTAGGTACTGCTTTTTCTGTTTTAATAAGACTTGAATTATCAGGACCTGGTGTACAATACATAGCTGATAACCAACTTTATAACAGTATAATTACTGCACATGCAATACTTATGATTTTCTTCATGGTTATGCCTGCTATGATA"
"1823",0,80,0,80,1,NA,189839,"Baetis rhodani","species",8,2759,"Eukaryota",33208,"Metazoa",6656,"Arthropoda",50557,"Insecta",30073,"Ephemeroptera",172515,"Baetidae",189838,"Baetis",189839,"Baetis rhodani",100,70,70,1,1,8,8,"TCTATATTTCATTTTTGGTGCTTGGGCAGGTATGGTAGGGACCTCATTAAGACTTTTAATTCGAGCCGAGTTGGGTAACCCGGGTTCATTAATTGGGGACGATCAAATTTATAACGTAATCGTAACTGCTCATGCCTTTATTATGATTTTTTTTATAGTGATACCTATTATAATT"
"2269",0,0,423,423,1,NA,1077837,"Baetis fuscatus","species",8,2759,"Eukaryota",33208,"Metazoa",6656,"Arthropoda",50557,"Insecta",30073,"Ephemeroptera",172515,"Baetidae",189838,"Baetis",1077837,"Baetis fuscatus",100,70,70,1,1,8,8,"TTTATATTTCATTTTTGGTGCATGATCAGGTATGGTGGGTACTTCCCTTAGTTTATTAATTCGAGCAGAACTTGGTAATCCTGGTTCTTTGATTGGCGATGATCAGATTTATAACGTTATTGTCACTGCCCATGCTTTTATTATGATTTTTTTTATAGTGATACCTATTATAATT"
"2282",8333,0,0,8333,1,NA,1077837,"Baetis fuscatus","species",8,2759,"Eukaryota",33208,"Metazoa",6656,"Arthropoda",50557,"Insecta",30073,"Ephemeroptera",172515,"Baetidae",189838,"Baetis",1077837,"Baetis fuscatus",97,70,70,1,1,8,8,"TTTATATTTCATTTTTGGTGCATGATCAGGTATGGTGGGTACTTCCCTTAGTTTATTAATTCGAGCAGAACTTGGTAATCCTGGTTCTTTGATTGGTGATGATCAGATTTATAACGTTATTGTCACTGCCCATGCTTTTATTATGATTTTTTTTATAGTGATACCTATTATAATT"
"2307",0,141,0,141,1,NA,47411,"Wilhelmia","subgenus",7.5,2759,"Eukaryota",33208,"Metazoa",6656,"Arthropoda",50557,"Insecta",7147,"Diptera",7190,"Simuliidae",7191,"Simulium",NA,NA,100,70,70,1,1,8,8,"TTTATATTTTATTTTTGGAGCCTGAGCTGGAATAGTGGGTACTTCCCTTAGTATACTTATTCGAGCCGAATTAGGACACCCAGGATCTCTAATTGGAGACGACCAAATTTATAATGTAATTGTTACTGCTCATGCTTTTGTAATAATTTTTTTTATAGTTATACCAATTATAATT"
"2343",0,94,0,94,1,NA,NA,NA,NA,NA,NA,NA,NA,NA,NA,NA,NA,NA,NA,NA,NA,NA,NA,NA,NA,NA,NA,NA,NA,NA,NA,NA,NA,"ACTATATTTAATTTTTGCTGCAATTTCTGGTGTAGCAGGAACTACGCTTTCATTGTTTATTAGAGCTACATTAGCGACACCAAATTCTGGTGTTTTAGATTATAATTACCATTTGTATAATGTTATAGTTACGGGTCATGCTTTTTTGATGATCTTTTTTTTAGTAATGCCTGCTTTATTG"
"2358",0,40,0,40,1,NA,NA,NA,NA,NA,NA,NA,NA,NA,NA,NA,NA,NA,NA,NA,NA,NA,NA,NA,NA,NA,NA,NA,NA,NA,NA,NA,NA,"TCTATACCTTATTTTCGGCGCAATTTCAGGTATTGCAGGTACCGCTTTATCTCTTTACATTCGAATTACTTTATCTCAACCTAATGGTAATTTTTTAGAATACAATCACCACTTTTATAATGTGATTATAACGGGTCACGCTCTTCTTATGATTTTTTTCATGGTAATGCCAATCTTGATT"
"2359",0,25,0,25,1,NA,NA,NA,NA,NA,NA,NA,NA,NA,NA,NA,NA,NA,NA,NA,NA,NA,NA,NA,NA,NA,NA,NA,NA,NA,NA,NA,NA,"TCTATACCTTATTTTCGGCGCAATTTCAGGTATTGCAGGTACCGCTTTATCTCTTTACATTCGAATTACTTTATCTCAACCTAATGGTAATTTTTTAGAATACAATCACCATTTTTATAATGTGATTATAACGGGTCATGCCCTTCTTATGATTTTTTTCATGGTAATGCCAATCTTGATT"
"2378",0,2418,0,2418,1,NA,NA,NA,NA,NA,NA,NA,NA,NA,NA,NA,NA,NA,NA,NA,NA,NA,NA,NA,NA,NA,NA,NA,NA,NA,NA,NA,NA,"TCTTTACTTAATTTTTGGTGCTATTTCTGGTGTAGCTGGAACTGCTTTATCACTTTACATCAGATTTACATTATCTCAACCAAACTCGAGTTTTTTAGAATATAACCACCATTTATATAATGTAATTGTTACAGGACATGCACTTATAATGGTTTTTTTTGTAGTAATGCCTATTTTAATT"
"2444",207,1572,0,1779,2,NA,52641,"Gammarus pulex","species",8,2759,"Eukaryota",33208,"Metazoa",6656,"Arthropoda",6681,"Malacostraca",6821,"Amphipoda",36939,"Gammaridae",45625,"Gammarus",52641,"Gammarus pulex",100,70,70,1,1,8,8,"TTTATACTTTATCTTAGGAGCTTGGGCTAGTGTTGTTGGCACTTCCATGAGAGTAATTATTCGCTCAGAACTAAGTACACCTGGTAATTTAATCGATGACGACCAACTATATAACGTAATAGTTACCGCTCACGCTTTTGTAATAATTTTTTTTATAGTTATGCCTATTATAATT"
"3052",0,119,0,119,1,NA,84394,"Ploima","order",5,2759,"Eukaryota",33208,"Metazoa",10190,"Rotifera",2816136,"Eurotatoria",84394,"Ploima",NA,NA,NA,NA,NA,NA,80,70,70,4,4,6,7,"TTTATATTTTATTTTTGGTGTTTGAGCCGGAATAATTGGCTTAAGAATAAGCCTGCTAATTCGTTTAGAGCTTGGGGTTTTAGGGCCTTTTCTTGGAGACGAGCATTTGTATAACGTTATTGTTACTGCCCATGCTTTTGTTATAATTTTCTTTATAGTTATACCAATTTCTATA"
"3112",0,68,0,68,1,NA,NA,NA,NA,NA,NA,NA,NA,NA,NA,NA,NA,NA,NA,NA,NA,NA,NA,NA,NA,NA,NA,NA,NA,NA,NA,NA,NA,"ATTATATTTAATTTTTGGTGCTCTTGCTGGAGTAATTGGAACTCTATTTTCTGTATTAATTAGATTACAATTATCTTACGCTGATTCAACAGTACTTCAAAATAACAGTCAATTATACAATGTTATTGTAACTGCTCACGCATTTGTAATGATATTCTTCCTTGTAATGCCTGTTCTTATT"
"3138",0,66,0,66,1,NA,NA,NA,NA,NA,NA,NA,NA,NA,NA,NA,NA,NA,NA,NA,NA,NA,NA,NA,NA,NA,NA,NA,NA,NA,NA,NA,NA,"ATTGTATGTAATCTTTGGTGCTTTTTCAGGTGTTCTAGGAACCACAATGTCTGTCTTGATCCGATTAGAATTGGCAAATCCAGGTAATCAATTGTTTGCAGGAAATCATCAACTTTATAACGTGATCATTACGGCGCACGCCTTCTTAATGATTTTCTTCATGTTGATGCCAATTTTAATT"
"3305",0,112,0,112,1,NA,NA,NA,NA,NA,NA,NA,NA,NA,NA,NA,NA,NA,NA,NA,NA,NA,NA,NA,NA,NA,NA,NA,NA,NA,NA,NA,NA,"TCTTTACCTAATTTTTGCTGCAGCTGCTGGAATTGCAGGAACAGTTTTATCATTATATATTAGAGCTACCTTATCTTCTCCTAATTCTAATTTTTTAGAATATAATCATCACTTATACAATGTAATTGTTACTGGGCATGCATTTATTATGATTTTTTTTTTAGTAATGCCTGCTTTAATA"
"3671",0,127,0,127,1,NA,NA,NA,NA,NA,NA,NA,NA,NA,NA,NA,NA,NA,NA,NA,NA,NA,NA,NA,NA,NA,NA,NA,NA,NA,NA,NA,NA,"TCTTTATTTAATATTTGGTGCCATTGCTGCCGTTGCAGGAACCACTCTTTCGTTATATATTAGAGCTACTTTAGCGGAACCAAATTCAAGTTTTCTAGAATACAATCATCATTTGTATAATGTAATTGTTACAGGACATGCTTTTATTATGGTTTTTTTTGTAGTAATGCCTATTTTAATC"
"3758",0,32,0,32,1,NA,NA,NA,NA,NA,NA,NA,NA,NA,NA,NA,NA,NA,NA,NA,NA,NA,NA,NA,NA,NA,NA,NA,NA,NA,NA,NA,NA,"TTTATACCTTATTTTCGGCGCAATTTCAGGTATTGCAGGTACCGCTTTATCTCTTTACATTCGAATTACTTTATCTCAACCTAATGGTAATTTTTTAGAATACAATCACCATTTTTATAATGTGATTATAACGGGCCACGCCCTTCTTATGATTTTTTTCATGGTAATGCCAATCTTGATT"
"3844",0,416,0,416,1,NA,NA,NA,NA,NA,NA,NA,NA,NA,NA,NA,NA,NA,NA,NA,NA,NA,NA,NA,NA,NA,NA,NA,NA,NA,NA,NA,NA,"TTTATACTTATTATTTGCTGTTTTAGCAGGAGTTGTAGGAACATATTTTTCTGCTTTAATCAGAATAGAGTTAGCATATCCTGGTAATGGAATTTTTAACGGTAATTTTCAACTTTATAATGTTGTAGTAACAGCGCATGCTTTTATTATGATTTTCTTTTTAGTAATGCCAGCAATGATT"
"4102",0,43,0,43,1,NA,1077839,"Baetis lutheri","species",8,2759,"Eukaryota",33208,"Metazoa",6656,"Arthropoda",50557,"Insecta",30073,"Ephemeroptera",172515,"Baetidae",189838,"Baetis",1077839,"Baetis lutheri",97,70,70,1,1,8,8,"TTTATACTTTATTTTCGGGGCTTGAGCTGGAATAGTAGGTACATCTCTTAGATTATTAATTCGTGCCGAACTTGGTAATCCCGGCTCACTAATTGGGGATGACCAAATTTATAACGTCATTGTTACGGCGCATGCCTTTATTATAATTTTTTTTATAGTGATACCAATTATAATT"
"4108",0,91,0,91,1,NA,NA,NA,NA,NA,NA,NA,NA,NA,NA,NA,NA,NA,NA,NA,NA,NA,NA,NA,NA,NA,NA,NA,NA,NA,NA,NA,NA,"TTTATATATCATTTTTGCCGCAATCTCAGGTTTAGTTGGTAGTGCTTTATCTTTTATTATTAGAATGGAATTATCAGCAGGTGGTAAAGTTTATTTATTAGGTAATTATGACCACTATAATGTTATAATTACTGCCCATGGTATTGTTATGATCTTCTTTATGGTTATGCCTGCCCTAATT"
"4169",0,405,0,405,1,NA,NA,NA,NA,NA,NA,NA,NA,NA,NA,NA,NA,NA,NA,NA,NA,NA,NA,NA,NA,NA,NA,NA,NA,NA,NA,NA,NA,"TTTATATCTTATCTTTGGAGCAATTTCTGGGATTGCCGGAACTGCTTTATCACTTTACATTCGAATAACTTTATCGCAACCAAATGGAAGTTTTTTAGAGTATAATCATCATATGTATAATGTAATCGTTACTGGTCATGCTTTTGTTATGATTTTTTTTATGGTAATGCCTATCTTAATC"
"4205",0,64,0,64,1,NA,NA,NA,NA,NA,NA,NA,NA,NA,NA,NA,NA,NA,NA,NA,NA,NA,NA,NA,NA,NA,NA,NA,NA,NA,NA,NA,NA,"TTTATATTTAATTTTTGCGTTAATTGCGGGTATAATAGGTACTTTATTTTCAATAATTATTCGTTTAGAATTAGCATTTCCAGGAGATCAAATTTTAAATGGTAATTATCAATTTTATAATGTAGTAATAACTGCCCATGCTTTTATCATGATTTTTTTTATGGTTATGCCAGCTATGATA"
"4316",0,95,0,95,1,NA,10194,"Brachionus","genus",7,2759,"Eukaryota",33208,"Metazoa",10190,"Rotifera",2816136,"Eurotatoria",84394,"Ploima",10193,"Brachionidae",10194,"Brachionus",NA,NA,80,70,70,4,4,6,7,"TTTATATTTTATTTTTGGTATTTGGGCTGGTTTTATTGGTCTTAGAATAAGCCTACTAATTCGTTTAGAATTAGGGGTTATTGGTTCTTTTATTGGTGATGAGCACATCTATAATGTTTTGGTCACAGCTCATGCTTTTGTCATAATTTTTTTTATAGTCATGCCTATTTCTATA"
