run	marker	sample	replicate	tagfwd	primerfwd	tagrev	primerrev	mergedfasta
run1	MFZR	tpos1_run1	1	tcgatcacgatgt	TCCACTAATCACAARGATATTGGTAC	tgtcgatctacagc	WACTAATCAATTWCCAAATCCTCC	mfzr_1_fw.fasta
run1	MFZR	tnegtag_run1	1	agatcgtactagct	TCCACTAATCACAARGATATTGGTAC	tgtcgatctacagc	WACTAATCAATTWCCAAATCCTCC	mfzr_1_fw.fasta
run1	MFZR	14ben01	1	gtcgatcatgtca	TCCACTAATCACAARGATATTGGTAC	acatcgacgtacg	WACTAATCAATTWCCAAATCCTCC	mfzr_1_fw.fasta
run1	MFZR	14ben02	1	catcgagtagag	TCCACTAATCACAARGATATTGGTAC	acatcgacgtacg	WACTAATCAATTWCCAAATCCTCC	mfzr_1_fw.fasta
run1	MFZR	tpos1_run1	2	tcgatcacgatgt	TCCACTAATCACAARGATATTGGTAC	tgtcgatctacagc	WACTAATCAATTWCCAAATCCTCC	mfzr_2_fw.fasta
run1	MFZR	tnegtag_run1	2	agatcgtactagct	TCCACTAATCACAARGATATTGGTAC	tgtcgatctacagc	WACTAATCAATTWCCAAATCCTCC	mfzr_2_fw.fasta
run1	MFZR	14ben01	2	gtcgatcatgtca	TCCACTAATCACAARGATATTGGTAC	acatcgacgtacg	WACTAATCAATTWCCAAATCCTCC	mfzr_2_fw.fasta
run1	MFZR	14ben02	2	catcgagtagag	TCCACTAATCACAARGATATTGGTAC	acatcgacgtacg	WACTAATCAATTWCCAAATCCTCC	mfzr_2_fw.fasta
run1	MFZR	tpos1_run1	3	tcgatcacgatgt	TCCACTAATCACAARGATATTGGTAC	tgtcgatctacagc	WACTAATCAATTWCCAAATCCTCC	mfzr_3_fw.fasta
run1	MFZR	tnegtag_run1	3	agatcgtactagct	TCCACTAATCACAARGATATTGGTAC	tgtcgatctacagc	WACTAATCAATTWCCAAATCCTCC	mfzr_3_fw.fasta
run1	MFZR	14ben01	3	gtcgatcatgtca	TCCACTAATCACAARGATATTGGTAC	acatcgacgtacg	WACTAATCAATTWCCAAATCCTCC	mfzr_3_fw.fasta
run1	MFZR	14ben02	3	catcgagtagag	TCCACTAATCACAARGATATTGGTAC	acatcgacgtacg	WACTAATCAATTWCCAAATCCTCC	mfzr_3_fw.fasta
