"tag_fw","primer_fw","tag_rv","primer_rv","sample","sample_type","habitat","replicate","fasta","read_count"
"tcgatcacgatgt","TCCACTAATCACAARGATATTGGTAC","tgtcgatctacagc","WACTAATCAATTWCCAAATCCTCC","tpos1","mock","terrestrial",1,"mfzr_1_fw.fasta",37351
"agatcgtactagct","TCCACTAATCACAARGATATTGGTAC","tgtcgatctacagc","WACTAATCAATTWCCAAATCCTCC","tnegtag","negative",NA,1,"mfzr_1_fw.fasta",37351
"gtcgatcatgtca","TCCACTAATCACAARGATATTGGTAC","acatcgacgtacg","WACTAATCAATTWCCAAATCCTCC","14ben01","real","freshwater",1,"mfzr_1_fw.fasta",37351
"catcgagtagag","TCCACTAATCACAARGATATTGGTAC","acatcgacgtacg","WACTAATCAATTWCCAAATCCTCC","14ben02","real","freshwater",1,"mfzr_1_fw.fasta",37351
"tcgatcacgatgt","TCCACTAATCACAARGATATTGGTAC","tgtcgatctacagc","WACTAATCAATTWCCAAATCCTCC","tpos1","mock","terrestrial",2,"mfzr_2_fw.fasta",40359
"agatcgtactagct","TCCACTAATCACAARGATATTGGTAC","tgtcgatctacagc","WACTAATCAATTWCCAAATCCTCC","tnegtag","negative",NA,2,"mfzr_2_fw.fasta",40359
"gtcgatcatgtca","TCCACTAATCACAARGATATTGGTAC","acatcgacgtacg","WACTAATCAATTWCCAAATCCTCC","14ben01","real","freshwater",2,"mfzr_2_fw.fasta",40359
"catcgagtagag","TCCACTAATCACAARGATATTGGTAC","acatcgacgtacg","WACTAATCAATTWCCAAATCCTCC","14ben02","real","freshwater",2,"mfzr_2_fw.fasta",40359
"tcgatcacgatgt","TCCACTAATCACAARGATATTGGTAC","tgtcgatctacagc","WACTAATCAATTWCCAAATCCTCC","tpos1","mock","terrestrial",3,"mfzr_3_fw.fasta",46796
"agatcgtactagct","TCCACTAATCACAARGATATTGGTAC","tgtcgatctacagc","WACTAATCAATTWCCAAATCCTCC","tnegtag","negative",NA,3,"mfzr_3_fw.fasta",46796
"gtcgatcatgtca","TCCACTAATCACAARGATATTGGTAC","acatcgacgtacg","WACTAATCAATTWCCAAATCCTCC","14ben01","real","freshwater",3,"mfzr_3_fw.fasta",46796
"catcgagtagag","TCCACTAATCACAARGATATTGGTAC","acatcgacgtacg","WACTAATCAATTWCCAAATCCTCC","14ben02","real","freshwater",3,"mfzr_3_fw.fasta",46796
