"asv_id","total_read_count_mock","number_mock","ltg_name","species","genus","family","order","class","phylum","pid","asv"
5,12197,1,"Baetis rhodani","Baetis rhodani","Baetis","Baetidae","Ephemeroptera","Insecta","Arthropoda",97,"TCTATATTTCATTTTTGGTGCTTGGGCAGGTATGGTAGGTACCTCATTAAGACTTTTAATTCGAGCCGAGTTGGGTAACCCGGGTTCATTAATTGGGGACGATCAAATTTATAACGTAATCGTAACTGCTCATGCCTTTATTATGATTTTTTTTATAGTGATACCTATTATAATT"
2018,172,1,"Baetis rhodani","Baetis rhodani","Baetis","Baetidae","Ephemeroptera","Insecta","Arthropoda",97,"TCTATATTTCATTTTTGGTGCTTGGGCAGGTATGGTAGGTACCTCATTAAGACTTTTAATTCGAGCCGAGTTGGGTAACCCGGGTTCATTAATTGGGGACGATCAAATTTATAACGTAATCGTAACTGCTCATGCCTTTATTATGATTTTTTTTATAGTTATACCAATCATAATT"
1965,59,1,"Baetis rhodani","Baetis rhodani","Baetis","Baetidae","Ephemeroptera","Insecta","Arthropoda",97,"TCTATATTTCATTTTTGGTGCTTGGGCAGGTATGGTAGGTACCTCATTAAGACTTTTAATTCGAGCCGAGTTGGGTAACCCGGGTTCATTAATTGGGGACGATCAAATTTATAACGTAATCGTAACTGCTCATGCCTTTATTATAATTTTTTTTATAGTTATACCAATCATAATT"
2049,21,1,"Baetis rhodani","Baetis rhodani","Baetis","Baetidae","Ephemeroptera","Insecta","Arthropoda",90,"TCTATATTTCATTTTTGGTGCTTGGGCAGGTATGGTAGGTACCTCATTAAGACTTTTAATTCGAGCCGAGTTGGGTAACCCGGGTTCATTAATTGGGGACGATCAAATTTATAACGTAATTGTTACATCTCATGCATTTATTATAATTTTTTTTATAGTTATACCAATCATAATT"
6026,12,1,"Baetis rhodani","Baetis rhodani","Baetis","Baetidae","Ephemeroptera","Insecta","Arthropoda",97,"TCTATATTTCATTTTTGGTGCTTGGGCAGGTATGGTAGGTACCTCATTAAGACTTTTAATTCGAGCCGAGTTGGGTAACCCGGGTTCATTAATTGGGGACGATCAAATTTATAACGTAATCGTAACTGATCATGGCTTTATTATGATTTTTTTTATAGTGATACCTATTATAATT"
1625,9,1,"Baetis rhodani","Baetis rhodani","Baetis","Baetidae","Ephemeroptera","Insecta","Arthropoda",97,"CCTTTATTTTATTTTTGGTGCTTGGGCAGGTATGGTAGGTACCTCATTAAGACTTTTAATTCGAGCCGAGTTGGGTAACCCGGGTTCATTAATTGGGGACGATCAAATTTATAACGTAATCGTAACTGCTCATGCCTTTATTATGATTTTTTTTATAGTGATACCTATTATAATT"
6155,3,1,"Baetis rhodani","Baetis rhodani","Baetis","Baetidae","Ephemeroptera","Insecta","Arthropoda",80,"TCTATATTTCATTTTTGGTGCTTGGGCAGGTATGGTGGGTACTTCCCTTAGTTTATTAATTCGAGCAGAACTTGGTAATCCTGGTTCTTTGATTGGCGATGATCAGATTTATAACGTTATTGTCACTGCCCATGCTTTTATTATGATTTTTTTTATAGTGATACCTATTATAATT"
1,865,1,"Caenis pusilla","Caenis pusilla","Caenis","Caenidae","Ephemeroptera","Insecta","Arthropoda",100,"ACTATATTTTATTTTTGGGGCTTGATCCGGAATGCTGGGCACCTCTCTAAGCCTTCTAATTCGTGCCGAGCTGGGGCACCCGGGTTCTTTAATTGGCGACGATCAAATTTACAATGTAATCGTCACAGCCCATGCTTTTATTATGATTTTTTTCATGGTTATGCCTATTATAATC"
130,8,1,"Caenis pusilla","Caenis pusilla","Caenis","Caenidae","Ephemeroptera","Insecta","Arthropoda",97,"ACTATATTTTATTTTTGGGGCTTGATCCGGAATGCTGGGCACCTCTCTAAGCCTTCTAATTCGTGCCGAGCTGGGGCACCCGGGTTCTTTAATTGGCGACGATCAAATTTACAATGTAATCGTCACAGCCCATGCTTTTATTATGATTTTTTTTATAGTTATACCAATCATAATT"
128,5,1,"Caenis pusilla","Caenis pusilla","Caenis","Caenidae","Ephemeroptera","Insecta","Arthropoda",97,"ACTATATTTTATTTTTGGGGCTTGATCCGGAATGCTGGGCACCTCTCTAAGCCTTCTAATTCGTGCCGAGCTGGGGCACCCGGGTTCTTTAATTGGCGACGATCAAATTTACAATGTAATCGTCACAGCCCATGCTTTTATTATGATTTTTTTTATAGTGATACCTATTATAATT"
3,46258,1,"Hydropsyche pellucidula","Hydropsyche pellucidula","Hydropsyche","Hydropsychidae","Trichoptera","Insecta","Arthropoda",95,"CCTTTATTTTATTTTCGGTATCTGATCAGGTCTCGTAGGATCATCACTTAGATTTATTATTCGAATAGAATTAAGAACTCCTGGTAGATTTATTGGCAACGACCAAATTTATAACGTAATTGTTACATCTCATGCATTTATTATAATTTTTTTTATAGTTATACCAATCATAATT"
1214,95,1,"Hydropsyche pellucidula","Hydropsyche pellucidula","Hydropsyche","Hydropsychidae","Trichoptera","Insecta","Arthropoda",95,"CCTTTATTTTATTTTCGGTATCTGATCAGGTCTCGTAGGATCATCACTTAGATTTATTATTCGAATAGAATTAAGAACTCCTGGTAGATTTATTGGCAACGACCAAATTTATAACGTAATTGTTACATCTCATGCATTTATTATAATTTTTTTTATAGTGATACCTATTATAATT"
1243,31,1,"Hydropsyche pellucidula","Hydropsyche pellucidula","Hydropsyche","Hydropsychidae","Trichoptera","Insecta","Arthropoda",95,"CCTTTATTTTATTTTCGGTATCTGATCAGGTCTCGTAGGATCATCACTTAGATTTATTATTCGAATAGAATTAAGAACTCCTGGTAGATTTATTGGCAACGACCAAATTTATAACGTAATTGTTACATCTCATGCATTTATTATAATTTTTTTTATAGTTATACCTATTTTAATT"
1103,17,1,"Hydropsyche pellucidula","Hydropsyche pellucidula","Hydropsyche","Hydropsychidae","Trichoptera","Insecta","Arthropoda",90,"CCTTTATTTTATTTTCGGTATCTGATCAGGTCTCGTAGGATCATCACTTAGATTTATTATTCGAATAGAATTAAGAACTCCTGGTAGATTTATTGGCAACGACCAAATTTATAACGTAATCGTAACTGCTCATGCCTTTATTATGATTTTTTTTATAGTGATACCTATTATAATT"
6,615,1,"Phoxinus phoxinus","Phoxinus phoxinus","Phoxinus","Leuciscidae","Cypriniformes","Actinopteri","Chordata",95,"CCTTTATCTTGTATTTGGTGCCTGGGCCGGAATGGTAGGGACCGCCCTAAGCCTTCTTATTCGGGCCGAACTAAGCCAGCCTGGCTCGCTATTAGGTGATAGCCAAATTTATAATGTTATTGTTACCGCCCACGCCTTCGTAATAATTTTCTTTATAGTCATGCCAATTCTCATT"
2,4686,1,"Rheocricotopus chalybeatus","Rheocricotopus chalybeatus","Rheocricotopus","Chironomidae","Diptera","Insecta","Arthropoda",97,"ACTTTATTTTATTTTTGGTGCTTGATCAGGAATAGTAGGAACTTCTTTAAGAATTCTAATTCGAGCTGAATTAGGTCATGCCGGTTCATTAATTGGAGATGATCAAATTTATAATGTAATTGTAACTGCTCATGCTTTTGTAATAATTTTCTTTATAGTTATACCTATTTTAATT"
419,26,1,"Rheocricotopus chalybeatus","Rheocricotopus chalybeatus","Rheocricotopus","Chironomidae","Diptera","Insecta","Arthropoda",97,"ACTTTATTTTATTTTTGGTGCTTGATCAGGAATAGTAGGAACTTCTTTAAGAATTCTAATTCGAGCTGAATTAGGTCATGCCGGTTCATTAATTGGAGATGATCAAATTTATAATGTAATTGTAACTGCTCATGCTTTTGTAATAATTTTCTTTATAGTTATACCAATCATAATT"
442,19,1,"Rheocricotopus chalybeatus","Rheocricotopus chalybeatus","Rheocricotopus","Chironomidae","Diptera","Insecta","Arthropoda",97,"ACTTTATTTTATTTTTGGTGCTTGATCAGGAATAGTAGGAACTTCTTTAAGAATTCTAATTCGAGCTGAATTAGGTCATGCCGGTTCATTAATTGGAGATGATCAAATTTATAATGTAATTGTAACTGCTCATGCTTTTGTAATAATTTTTTTTATAGTTATACCAATCATAATT"
395,11,1,"Rheocricotopus chalybeatus","Rheocricotopus chalybeatus","Rheocricotopus","Chironomidae","Diptera","Insecta","Arthropoda",95,"ACTTTATTTTATTTTTGGTGCTTGATCAGGAATAGTAGGAACTTCTTTAAGAATTCTAATTCGAGCTGAATTAGGTCATGCCGGTTCATTAATTGGAGATGATCAAATTTATAATGTAATTGTAACTGCTCATGCTTTTATTATAATTTTTTTTATAGTTATACCAATCATAATT"
441,8,1,"Rheocricotopus chalybeatus","Rheocricotopus chalybeatus","Rheocricotopus","Chironomidae","Diptera","Insecta","Arthropoda",97,"ACTTTATTTTATTTTTGGTGCTTGATCAGGAATAGTAGGAACTTCTTTAAGAATTCTAATTCGAGCTGAATTAGGTCATGCCGGTTCATTAATTGGAGATGATCAAATTTATAATGTAATTGTAACTGCTCATGCTTTTGTAATAATTTTTTTTATAGTGATACCTATTATAATT"
372,5,1,"Rheocricotopus chalybeatus","Rheocricotopus chalybeatus","Rheocricotopus","Chironomidae","Diptera","Insecta","Arthropoda",90,"ACTTTATTTTATTTTTGGTGCTTGATCAGGAATAGTAGGAACTTCTTTAAGAATTCTAATTCGAGCTGAATTAGGTCATGCCGGTTCATTAATTGGAGATGATCAAATTTATAACGTAATTGTTACATCTCATGCATTTATTATAATTTTTTTTATAGTTATACCAATCATAATT"
1653,4,1,"Rheocricotopus chalybeatus","Rheocricotopus chalybeatus","Rheocricotopus","Chironomidae","Diptera","Insecta","Arthropoda",97,"CTTATATTTTATTTTTGGTGCTTGATCAGGAATAGTAGGAACTTCTTTAAGAATTCTAATTCGAGCTGAATTAGGTCATGCCGGTTCATTAATTGGAGATGATCAAATTTATAATGTAATTGTAACTGCTCATGCTTTTGTAATAATTTTCTTTATAGTTATACCTATTTTAATT"
1793,4,1,"Rheocricotopus chalybeatus","Rheocricotopus chalybeatus","Rheocricotopus","Chironomidae","Diptera","Insecta","Arthropoda",97,"TCTATATTTCATTTTTGGTGCTTGATCAGGAATAGTAGGAACTTCTTTAAGAATTCTAATTCGAGCTGAATTAGGTCATGCCGGTTCATTAATTGGAGATGATCAAATTTATAATGTAATTGTAACTGCTCATGCTTTTGTAATAATTTTCTTTATAGTTATACCTATTTTAATT"
440,3,1,"Rheocricotopus chalybeatus","Rheocricotopus chalybeatus","Rheocricotopus","Chironomidae","Diptera","Insecta","Arthropoda",95,"ACTTTATTTTATTTTTGGTGCTTGATCAGGAATAGTAGGAACTTCTTTAAGAATTCTAATTCGAGCTGAATTAGGTCATGCCGGTTCATTAATTGGAGATGATCAAATTTATAATGTAATTGTAACTGCTCATGCTTTTGTAATAATTTTTTTCATGGTTATGCCTATTATAATC"
4,941,1,"Synorthocladius semivirens","Synorthocladius semivirens","Synorthocladius","Chironomidae","Diptera","Insecta","Arthropoda",90,"CTTATATTTTATTTTTGGTGCTTGATCAGGGATAGTGGGAACTTCTTTAAGAATTCTTATTCGAGCTGAACTTGGTCATGCGGGATCTTTAATCGGAGACGATCAAATTTACAATGTAATTGTTACTGCACACGCCTTTGTAATAATTTTTTTTATAGTTATACCTATTTTAATT"
1684,35,1,"Synorthocladius semivirens","Synorthocladius semivirens","Synorthocladius","Chironomidae","Diptera","Insecta","Arthropoda",90,"CTTATATTTTATTTTTGGTGCTTGATCAGGGATAGTGGGAACTTCTTTAAGAATTCTTATTCGAGCTGAACTTGGTCATGCGGGATCTTTAATCGGAGACGATCAAATTTACAATGTAATTGTTACTGCACACGCCTTTGTAATAATTTTTTTTATAGTTATACCAATCATAATT"
2300,31,1,"Synorthocladius semivirens","Synorthocladius semivirens","Synorthocladius","Chironomidae","Diptera","Insecta","Arthropoda",80,"TTTATATTTTATTTTTGGAGCCTGAGCTGGAATAGTAGGTACTTCCCTTAGTATACTTATTCGAGCCGAATTAGGACACCCAGGATCTCTAATTGGAGACGACCAAATTTATAATGTAATTGTTACTGCTCATGCTTTTGTAATAATTTTTTTTATAGTTATACCAATTATAATT"
5749,11,1,"Synorthocladius semivirens","Synorthocladius semivirens","Synorthocladius","Chironomidae","Diptera","Insecta","Arthropoda",90,"CCTTTATTTTATTTTTGGTGCTTGATCAGGGATAGTGGGAACTTCTTTAAGAATTCTTATTCGAGCTGAACTTGGTCATGCGGGATCTTTAATCGGAGACGATCAAATTTACAATGTAATTGTTACTGCACACGCCTTTGTAATAATTTTTTTTATAGTTATACCTATTTTAATT"
2304,7,1,"Synorthocladius semivirens","Synorthocladius semivirens","Synorthocladius","Chironomidae","Diptera","Insecta","Arthropoda",80,"TTTATATTTTATTTTTGGAGCCTGAGCTGGAATAGTAGGTACTTCCCTTAGTATACTTATTCGAGCCGAATTAGGACACCCAGGCTCTCTAATTGGAGACGACCAAATTTATAATGTAATTGTTACTGCTCATGCTTTTGTAATAATTTTTTTTATAGTTATGCCAATTATAATT"
1682,5,1,"Synorthocladius semivirens","Synorthocladius semivirens","Synorthocladius","Chironomidae","Diptera","Insecta","Arthropoda",90,"CTTATATTTTATTTTTGGTGCTTGATCAGGGATAGTGGGAACTTCTTTAAGAATTCTTATTCGAGCTGAACTTGGTCATGCGGGATCTTTAATCGGAGACGATCAAATTTACAATGTAATTGTTACTGCACACGCCTTTGTAATAATTTTTTTTATAGTGATACCTATTATAATT"
5910,3,1,"Synorthocladius semivirens","Synorthocladius semivirens","Synorthocladius","Chironomidae","Diptera","Insecta","Arthropoda",90,"TCTATATTTCATTTTTGGTGCTTGATCAGGGATAGTGGGAACTTCTTTAAGAATTCTTATTCGAGCTGAACTTGGTCATGCGGGATCTTTAATCGGAGACGATCAAATTTACAATGTAATTGTTACTGCACACGCCTTTGTAATAATTTTTTTTATAGTTATACCTATTTTAATT"
2269,1270,1,NA,NA,NA,NA,NA,NA,NA,NA,"TTTATATTTCATTTTTGGTGCATGATCAGGTATGGTGGGTACTTCCCTTAGTTTATTAATTCGAGCAGAACTTGGTAATCCTGGTTCTTTGATTGGCGATGATCAGATTTATAACGTTATTGTCACTGCCCATGCTTTTATTATGATTTTTTTTATAGTGATACCTATTATAATT"
32,615,1,NA,NA,NA,NA,NA,NA,NA,NA,"ACTATACCTTATCTTCGCAGTATTCTCAGGAATGCTAGGAACTGCTTTTAGTGTTCTTATTCGAATGGAACTAACATCTCCAGGTGTACAATACCTACAGGGAAACCACCAACTTTACAATGTAATCATTACAGCTCACGCATTCCTAATGATCTTTTTCATGGTTATGCCAGGACTTGTT"
602,452,1,NA,NA,NA,NA,NA,NA,NA,NA,"ATTGTACCTTATATTTGCCTTATTTTCAGGGCTATTAGGTACTGCTTTTTCTGTTTTAATAAGACTTGAATTATCAGGACCTGGTGTACAATACATAGCTGATAACCAACTTTATAACAGTATAATTACTGCACATGCAATACTTATGATTTTCTTCATGGTTATGCCTGCTATGATA"
224,376,1,NA,NA,NA,NA,NA,NA,NA,NA,"ACTTTATTTCATTTTCGGAACATTTGCAGGAGTTGTAGGAACTTTACTTTCATTATTTATTCGTCTTGAATTAGCTTATCCAGGAAATCAATTTTTTTTAGGAAATCACCAACTTTATAATGTGGTTGTGACAGCACATGCTTTTATCATGATTTTTTTCATGGTTATGCCGATTTTAATC"
216,238,1,NA,NA,NA,NA,NA,NA,NA,NA,"ACTTTATTTCATTTTCGGAACATTTGCAGGAGTTGTAGGAACTTTACTTTCATTATTTATTCGACTAGAATTAGCTTATCCAGGAAATCAATTTTTTTTAGGAAATCACCAACTTTATAATGTGGTTGTGACAGCACATGCTTTTATCATGATTTTTTTCATGGTTATGCCGATTTTAATC"
175,170,1,NA,NA,NA,NA,NA,NA,NA,NA,"ACTCTATTTAATATTTGCTGCATTTTCAGGGGTTATAGGAACAATATTTTCTATAATTATAAGAATGGAACTTGCTTATCCAGGTGATCAAATATTGAATGGTAATCACCAACTTTATAATGTTATTGTAACTGCTCATGCATTTGTAATGATTTTTTTTATGGTTATGCCTGCCTTGATT"
562,140,1,NA,NA,NA,NA,NA,NA,NA,NA,"ATTATACCTTATCTTTTCTCTTTTCTCAGGTTTACTTGGAACAGCATTTTCAGTTTTAATAAGACTTGAATTATCTGGACCTGGTGTTCAGTACATAGCAGACAATCAGTTATACAATAGTATTATTACAGCACACGCAATATTAATGATTTTCTTTATGGTTATGCCAGCAATGATT"
6199,77,1,NA,NA,NA,NA,NA,NA,NA,NA,"TCTTTATATTATTTACGGCTTTCTCATAGGATTGGTTGGTACATTTTTTTCCGCTGTCATTCGTATTCAACTCATGTACCCTGGTTCGTTGTTTTTGGGTGGTAATTACCATTATTATAATACTGTAATTACAGCGCACGCACTTGTGATAATTTTTTTTATGGTCATACCAGTGTTGATT"
254,48,1,NA,NA,NA,NA,NA,NA,NA,NA,"ACTTTATTTTATTTTCGGAGCGTGGTCGGGGATGGTAGGCACATCTCTGAGTCTTTTAATTCGAGCCGAATTGGGTAATCCTGGTTCACTAATTGGGGATGACCAGATTTACAACGTTATTGTAACAGCCCATGCTTTTATTATGATTTTTTTTATAGTAATGCCAATTATGATT"
2202,31,1,NA,NA,NA,NA,NA,NA,NA,NA,"TCTTTATTTCATTTTCGGAACATTTGCAGGAGTTGTCGGAACTTTACTTTCATTATTTATTCGTCTGGAATTAGCATACCCAGGAAATCAATTTTTTTTAGGAAACCACCAACTTTATAATGTAGTTGTAACAGCACATGCTTTTATTATGATTTTTTTTATGGTTATGCCAATTTTAATC"
2263,30,1,NA,NA,NA,NA,NA,NA,NA,NA,"TTTATATTTCATTTTTGGTGCATGATCAGGTATGGTGGGTACTTCCCTTAGTTTATTAATTCGAGCAGAACTTGGTAATCCTGGTTCTTTGATTGGCGATGATCAGATTTATAACGTTATTGTCACTGCCCATGCTTTTATTATAATTTTTTTTATAGTTATACCAATCATAATT"
2378,30,1,NA,NA,NA,NA,NA,NA,NA,NA,"TCTTTACTTAATTTTTGGTGCTATTTCTGGTGTAGCTGGAACTGCTTTATCACTTTACATCAGATTTACATTATCTCAACCAAACTCGAGTTTTTTAGAATATAACCACCATTTATATAATGTAATTGTTACAGGACATGCACTTATAATGGTTTTTTTTGTAGTAATGCCTATTTTAATT"
651,27,1,NA,NA,NA,NA,NA,NA,NA,NA,"CCTATACCTAGTATTTGCAGTATTTGCAGGTATAATTGGTACAGCATTTTCAGTACTAATTCGTATGGAACTTGCAGCACCAGGAGTACAATATCTTAACGGAGATCACCAACTTTATAATGTAGTTATTACTGCACATGCGCTAATTATGATTTTCTTTATGGTTATGCCTGCTCTCGTG"
1641,27,1,NA,NA,NA,NA,NA,NA,NA,NA,"CTTATATCTATTATTTGCAGGCGTTTCGGGTATTGCCGGCACTGTTTTATCTTTATATATACGAGCTACACTAGCAACTCCTGCTTCCAATTTTTTAAGCAAAAATCATCACTTGTATAACGTAATAGTGACAGGCCATGCGTTTTTAATGATTTTTTTTTTAGTAATGCCTGCTCTTATA"
2208,25,1,NA,NA,NA,NA,NA,NA,NA,NA,"TCTTTATTTCATTTTCGGAACATTTGCAGGAGTTGTCGGAACTTTACTTTCATTATTTATTCGTCTTGAATTAGCATACCCAGGAAATCAATTTTTTTTAGGAAACCACCAACTTTATAATGTAGTTGTAACAGCACATGCTTTTATTATGATTTTTTTTATGGTTATGCCAATTTTAATC"
7427,19,1,NA,NA,NA,NA,NA,NA,NA,NA,"AATGTATCTAATATTTGCAATATTTGCAGGCATTGTTGGTGGACTAATGTCAGTGATACTCAGGCTAGAACTCGCACAACCTGGTAACCAGTTTTTAGGCGGCGATCATCAATTTTATAATGTTATGCTCACTGCTCACGCACTTGTCATGGTATTTTTTATGATTATGCCTGGGCTTTTC"
576,18,1,NA,NA,NA,NA,NA,NA,NA,NA,"ATTATATTTTCTTTTCGGTACACTATCCGGTGTTATAGGAACAATTTTATCTTTACTTATACGCTTGGAATTAGCATATCCGGGAAATCAATTTTTTTTAGGTAATCATCAATTATACAATGTCGTAGTTACAGCCCATGCATTTTTAATGATTTTTTTTATGGTAATGCCTGTTTTAATT"
2195,17,1,NA,NA,NA,NA,NA,NA,NA,NA,"TCTTTACCTGATCTTCGCCGTATTCTCAGGAATGATTGGTACAGCATTCAGTGTAATTATTCGAATGGAACTTGCTGCGCCCGGTGTGCAATACCTTCACGGTAACCACCAACTATATAACGTAATTATTACAGCCCACGCCTTCCTAATGATCTTTTTCATGGTTATGCCTGGTCTTGTG"
8492,16,1,NA,NA,NA,NA,NA,NA,NA,NA,"TTTATATTTAATATTTGGGCTAATAGCGGGTGTAATAGGAACGTTATTTTCGATATTAATTAGATTAGAATTAGCCTATCCAGGGAATCAATATTTTTTGGGAGATCATCAATTTTATAATGTTGTTGTTACATCACATGCGTTTATTATGATTTTTTTTATGGTAATGCCGGCATTTGTT"
1716,15,1,NA,NA,NA,NA,NA,NA,NA,NA,"CTTGTACATGATTTTCGGAACGTTGGCCGGAGTGGTCGGAACGACGTTGTCGGTATGGATGCGAATGGAATTGGCGGCACCGGGAGTGCAAGCATTGTCGGGAAACCATCAGTTGTATAACGTGATGGTGACGGCACATGCCTTCATCATGATTTTCTTCTTCGTGATGCCCTTTTTGATT"
1758,15,1,NA,NA,NA,NA,NA,NA,NA,NA,"TCTATATTTCATCTTCGGTGCCATTGCTGGAGTGATGGGCACATGCTTCTCAGTACTGATTCGTATGGAATTAGCACGACCCGGCGATCAAATTCTTGGTGGGAATCATCAACTTTATAATGTTTTAATAACGGCTCACGCTTTTTTAATGATCTTTTTTATGGTTATGCCGGCGATGATA"
631,11,1,NA,NA,NA,NA,NA,NA,NA,NA,"ATTGTACTTGATTTATGGGGGATTTGCTGGTTTAATTGGAACGATGTTCTCTGTTCTAATAAGAATGGAACTATCATCACCCGGTAATACTATACTAGCTGGTAACTATCAATACTATAATGTTATAGTAACTGCGCATGCTTTCATTATGATCTTCTTTTTTGTTATGCCTGCTATGATG"
4784,9,1,NA,NA,NA,NA,NA,NA,NA,NA,"ATTATACCTTATATTTTCTCTGTTTTCGGGTTTACTTGGAACCGCTTTTTCAGTTTTAATAAGACTTGAATTATCTGGACCTGGTGTTCAGTACATAGCAGATAACCAATTATACAATAGTATAATTACAGCACACGCGATACTTATGATTTTCTTTATGGTTATGCCAGCAATGATT"
5753,8,1,NA,NA,NA,NA,NA,NA,NA,NA,"CCTTTATTTTATTTTTGGTGCTTGATCTGGTATAGTTGGTACTTCTTTAAGAATGCTAATTCGAGCAGAATTAGGACGTCCAGGAACATTTATTGGAGATGACCAAGTTTATAATGTTATTGTAACAGCTCATGCTTTTATTATAATTTTTTTTATAGTTATACCTATTTTAATT"
7447,8,1,NA,NA,NA,NA,NA,NA,NA,NA,"ACTATACTTAATCTTTGCATTATTTTCTGGATTATTAGGTACAGCGTTTTCTGTTCTTATAAGATTAGAATTAAGTGGGCCAGGTGTTCAATATATAGCGGACAATCAACTATACAACAGTGTTATTACAGCACACGCTATCTTAATGATATTCTTTATGGTTATGCCTGCAATGATA"
7452,7,1,NA,NA,NA,NA,NA,NA,NA,NA,"ACTATATTTTATTTTTGGGGCATGGTCAGGAATAGTTGGTACTTCCCTTAGTATCCTAATTCGAGCTGAACTAGGACATGCCGGCTCCCTAATTGGAGACGATCAAATTTATAATGTAATCGTTACTGCTCATGCTTTTGTAATAATTTTTTTTATAGTTATACCTATTTTAATT"
12,6,1,NA,NA,NA,NA,NA,NA,NA,NA,"AATGTATCTAATCTTTGGAGGTTTTTCTGGTATTATTGGAACAGCTTTATCTATTTTAATCAGAATAGAATTATCGCAACCAGGAAACCAAATTTTAATGGGAAACCATCAATTATATAATGTAATTGTAACTTCTCACGCTTTTATTATGATTTTTTTTATGGTAATGCCAATTTTATTA"
2222,5,1,NA,NA,NA,NA,NA,NA,NA,NA,"TTTATATATGATTTTTGCAGCCTTTTCAGGAATTGTAGGGACTGTATTTTCAATGTTAATTCGATTTGAATTAGCACATCCAGGACATCAAATTTTATCTGGAAATAACCAATTATACAACGTTATCGTAACGGCACATGCTTTTGTAATGATTTTCTTCATGGTAATGCCTGCATTAATT"
3844,5,1,NA,NA,NA,NA,NA,NA,NA,NA,"TTTATACTTATTATTTGCTGTTTTAGCAGGAGTTGTAGGAACATATTTTTCTGCTTTAATCAGAATAGAGTTAGCATATCCTGGTAATGGAATTTTTAACGGTAATTTTCAACTTTATAATGTTGTAGTAACAGCGCATGCTTTTATTATGATTTTCTTTTTAGTAATGCCAGCAATGATT"
4436,5,1,NA,NA,NA,NA,NA,NA,NA,NA,"ACTATACCTTATCTTCGCAGTATTCTCAGGAATGCTAGGAACTGCTTTTAGTGTTCTTATTCGAATGGAACTAACATCTCCAGGTGTACAATACCTACAGGGAAACCACCAACTTTACAATGTAATCATTATAGCTCACGCATTCCTAATGACCTTTTTCATGGTTATGCCAGGACTTGTT"
185,4,1,NA,NA,NA,NA,NA,NA,NA,NA,"ACTGTATTTAATATTTGGTGGCTTTTCGGGTATTATAGGTACTATATTCTCTATGATTATAAGATTAGAATTGGCTGCGCCCGGCTCTCAAATATTAGGTGGTAATAGCCAACTTTATAATGTAATTATTACTGCGCATGCTTTTGTTATGATTTTCTTTTTTGTTATGCCTGTTATGATA"
574,4,1,NA,NA,NA,NA,NA,NA,NA,NA,"ATTATATTTTATTTTTGGGGCCTGAGCAGGAATAGTAGGTACTTCCCTTAGTATACTTATTCGAGCTGAATTAGGACACCCAGGATCTTTAATTGGTGATGACCAAATTTATAATGTAATTGTTACAGCTCATGCTTTCGTAATAATTTTTTTTATAGTTATACCAATTATAATT"
1736,4,1,NA,NA,NA,NA,NA,NA,NA,NA,"TCTATACCTGATGTTTGCCTTATTCGCAGGTTTAGTAGGTACAGCATTTTCTGTACTTATTAGAATGGAATTAAGTGCACCAGGAGTTCAATACATCAGTGATAACCAGTTATATAATAGTATTATAACAGCTCACGCTATTGTTATGATATTCTTTATGGTTATGCCTGCTATGATC"
2197,4,1,NA,NA,NA,NA,NA,NA,NA,NA,"TCTTTATCTTATATTTGCATTATTTTCAGGGCTTTTAGGTACAGCTTTTTCTGTTTTAATTAGACTAGAATTATCTGGACCTGGAGTACAATACATAGCAGACAACCAATTATACAACAGTATAATAACTGCGCATGCTATTCTGATGATATTTTTCATGGTAATGCCTGCAATGATA"
5849,4,1,NA,NA,NA,NA,NA,NA,NA,NA,"GTTATATTTAATATTTAGTATAATAGCAGGTTTAGTTGGTACGTGATTTTCAATAATGATAAGAACAGAATTAGCATATCCAGGTTTTCAATATTTTAATGGAGATTTACAACATTATAATGTGATAATTACAGGACATGCGTTCATTATGATATTTTTCATGGTAATGCCAGCATTAATT"
8470,4,1,NA,NA,NA,NA,NA,NA,NA,NA,"TCTTTATATTCTTTTTGGAGCTATTGCAGGAGTATGTGGTACTGCAGTCTCCGTAGCGATTAGATTAGAACTTGCTCAACCAGGTGCAGGTATACTATCGTCTAATCACCAGTTATACAATGTTTTTATTACAGCTCATGCTATTTTAATGATTTTTTTCATGGTCATGCCTATTCTTATA"
15,3,1,NA,NA,NA,NA,NA,NA,NA,NA,"ACTATACCTGATGTTTGCCTTATTCGCAGGTTTAGTAGGTACAGCATTTTCTGTACTTATTAGAATGGAATTAAGTGCACCAGGAGTTCAATACATCAGTGATAACCAGTTATATAATAGTATTATAACAGCTCACGCTATTGTTATGATATTCTTTATGGTTATGCCTGCCATGATT"
571,3,1,NA,NA,NA,NA,NA,NA,NA,NA,"ATTATATCTTATATTTGCAGCCTTCTCTGGTATAATAGGAACTATTTTTTCTATTATTATAAGAATGGAATTAGCATTTCCAGGAGATCAAGTTTTGGGCGGTAATCATCAACTTTATAATGTTATTGTCACTGCACACGCTTTTTTAATGATATTTTTTATGGTTATGCCCGCTCTTATT"
615,3,1,NA,NA,NA,NA,NA,NA,NA,NA,"ATTGTACCTTATATTTGCCTTATTTTCAGGGCTATTAGGTACTGCTTTTTCTGTTTTAATAAGACTTGAATTATCAGGACCTGGTGTACAATACATAGCTGATGACCAACTTTATAACAATATAATTACTGCACATGCAATACTTATGATTTTCTTCATGGTTATGCCTGCTATGATA"
4790,3,1,NA,NA,NA,NA,NA,NA,NA,NA,"ATTATATTTAATATTTGGGGGTATCTCAGGTGTAGCAGGGACTGTATTATCCTTATACATACGAATAACACTATCGCACCCAGAAGGAAATTTTTTAGAACACAATCACCACTTATACAATGTTATTGTAACAGGTCATGCTTTTGTTATGATTTTTTTTATGGTAATGCCTGTTCTTATC"
6311,3,1,NA,NA,NA,NA,NA,NA,NA,NA,"TTTATATTTTATTTTTGGTATTTGATCAGGTATAGTGGGTACTTCTTTGAGCTTAATAATTCGTACAGAATTAGGTCAGCCAGGTTATTTAATTGGAGATGACCAAATTTATAATGTTATTGTAACTGCTCATGCTTTTATTATAATTTTCTTTATAGTGATACCTATTATAATT"
