"asv_id","sample","replicate","read_count","asv"
27,"tpos1",1,178,"ACTATACCTTATCTTCGCAGTATTCTCAGGAATGCTAGGAACTGCTTTTAGTGTTCTTATTCGAATGGAACTAACATCTCCAGGTGTACAATACCTACAGGGAAACCACCAACTTTACAATGTAATCATTACAGCTCACGCATTCCTAATGATCTTTTTCATGGTTATGCCAGGACTTGTT"
27,"tpos1",2,349,"ACTATACCTTATCTTCGCAGTATTCTCAGGAATGCTAGGAACTGCTTTTAGTGTTCTTATTCGAATGGAACTAACATCTCCAGGTGTACAATACCTACAGGGAAACCACCAACTTTACAATGTAATCATTACAGCTCACGCATTCCTAATGATCTTTTTCATGGTTATGCCAGGACTTGTT"
27,"tpos1",3,117,"ACTATACCTTATCTTCGCAGTATTCTCAGGAATGCTAGGAACTGCTTTTAGTGTTCTTATTCGAATGGAACTAACATCTCCAGGTGTACAATACCTACAGGGAAACCACCAACTTTACAATGTAATCATTACAGCTCACGCATTCCTAATGATCTTTTTCATGGTTATGCCAGGACTTGTT"
1,"tpos1",1,522,"ACTATATTTTATTTTTGGGGCTTGATCCGGAATGCTGGGCACCTCTCTAAGCCTTCTAATTCGTGCCGAGCTGGGGCACCCGGGTTCTTTAATTGGCGACGATCAAATTTACAATGTAATCGTCACAGCCCATGCTTTTATTATGATTTTTTTCATGGTTATGCCTATTATAATC"
1,"tpos1",2,252,"ACTATATTTTATTTTTGGGGCTTGATCCGGAATGCTGGGCACCTCTCTAAGCCTTCTAATTCGTGCCGAGCTGGGGCACCCGGGTTCTTTAATTGGCGACGATCAAATTTACAATGTAATCGTCACAGCCCATGCTTTTATTATGATTTTTTTCATGGTTATGCCTATTATAATC"
1,"tpos1",3,118,"ACTATATTTTATTTTTGGGGCTTGATCCGGAATGCTGGGCACCTCTCTAAGCCTTCTAATTCGTGCCGAGCTGGGGCACCCGGGTTCTTTAATTGGCGACGATCAAATTTACAATGTAATCGTCACAGCCCATGCTTTTATTATGATTTTTTTCATGGTTATGCCTATTATAATC"
219,"tpos1",2,173,"ACTTTATTTCATTTTCGGAACATTTGCAGGAGTTGTAGGAACTTTACTTTCATTATTTATTCGTCTTGAATTAGCTTATCCAGGAAATCAATTTTTTTTAGGAAATCACCAACTTTATAATGTGGTTGTGACAGCACATGCTTTTATCATGATTTTTTTCATGGTTATGCCGATTTTAATC"
219,"tpos1",3,158,"ACTTTATTTCATTTTCGGAACATTTGCAGGAGTTGTAGGAACTTTACTTTCATTATTTATTCGTCTTGAATTAGCTTATCCAGGAAATCAATTTTTTTTAGGAAATCACCAACTTTATAATGTGGTTGTGACAGCACATGCTTTTATCATGATTTTTTTCATGGTTATGCCGATTTTAATC"
2,"tpos1",1,2139,"ACTTTATTTTATTTTTGGTGCTTGATCAGGAATAGTAGGAACTTCTTTAAGAATTCTAATTCGAGCTGAATTAGGTCATGCCGGTTCATTAATTGGAGATGATCAAATTTATAATGTAATTGTAACTGCTCATGCTTTTGTAATAATTTTCTTTATAGTTATACCTATTTTAATT"
2,"tpos1",2,1945,"ACTTTATTTTATTTTTGGTGCTTGATCAGGAATAGTAGGAACTTCTTTAAGAATTCTAATTCGAGCTGAATTAGGTCATGCCGGTTCATTAATTGGAGATGATCAAATTTATAATGTAATTGTAACTGCTCATGCTTTTGTAATAATTTTCTTTATAGTTATACCTATTTTAATT"
2,"tpos1",3,763,"ACTTTATTTTATTTTTGGTGCTTGATCAGGAATAGTAGGAACTTCTTTAAGAATTCTAATTCGAGCTGAATTAGGTCATGCCGGTTCATTAATTGGAGATGATCAAATTTATAATGTAATTGTAACTGCTCATGCTTTTGTAATAATTTTCTTTATAGTTATACCTATTTTAATT"
597,"tpos1",1,257,"ATTGTACCTTATATTTGCCTTATTTTCAGGGCTATTAGGTACTGCTTTTTCTGTTTTAATAAGACTTGAATTATCAGGACCTGGTGTACAATACATAGCTGATAACCAACTTTATAACAGTATAATTACTGCACATGCAATACTTATGATTTTCTTCATGGTTATGCCTGCTATGATA"
597,"tpos1",2,141,"ATTGTACCTTATATTTGCCTTATTTTCAGGGCTATTAGGTACTGCTTTTTCTGTTTTAATAAGACTTGAATTATCAGGACCTGGTGTACAATACATAGCTGATAACCAACTTTATAACAGTATAATTACTGCACATGCAATACTTATGATTTTCTTCATGGTTATGCCTGCTATGATA"
3,"tpos1",1,189,"CCTTTATCTTGTATTTGGTGCCTGGGCCGGAATGGTAGGGACCGCCCTAAGCCTTCTTATTCGGGCCGAACTAAGCCAGCCTGGCTCGCTATTAGGTGATAGCCAAATTTATAATGTTATTGTTACCGCCCACGCCTTCGTAATAATTTTCTTTATAGTCATGCCAATTCTCATT"
3,"tpos1",2,244,"CCTTTATCTTGTATTTGGTGCCTGGGCCGGAATGGTAGGGACCGCCCTAAGCCTTCTTATTCGGGCCGAACTAAGCCAGCCTGGCTCGCTATTAGGTGATAGCCAAATTTATAATGTTATTGTTACCGCCCACGCCTTCGTAATAATTTTCTTTATAGTCATGCCAATTCTCATT"
3,"tpos1",3,228,"CCTTTATCTTGTATTTGGTGCCTGGGCCGGAATGGTAGGGACCGCCCTAAGCCTTCTTATTCGGGCCGAACTAAGCCAGCCTGGCTCGCTATTAGGTGATAGCCAAATTTATAATGTTATTGTTACCGCCCACGCCTTCGTAATAATTTTCTTTATAGTCATGCCAATTCTCATT"
4,"tpos1",1,13704,"CCTTTATTTTATTTTCGGTATCTGATCAGGTCTCGTAGGATCATCACTTAGATTTATTATTCGAATAGAATTAAGAACTCCTGGTAGATTTATTGGCAACGACCAAATTTATAACGTAATTGTTACATCTCATGCATTTATTATAATTTTTTTTATAGTTATACCAATCATAATT"
4,"tpos1",2,18245,"CCTTTATTTTATTTTCGGTATCTGATCAGGTCTCGTAGGATCATCACTTAGATTTATTATTCGAATAGAATTAAGAACTCCTGGTAGATTTATTGGCAACGACCAAATTTATAACGTAATTGTTACATCTCATGCATTTATTATAATTTTTTTTATAGTTATACCAATCATAATT"
4,"tpos1",3,17095,"CCTTTATTTTATTTTCGGTATCTGATCAGGTCTCGTAGGATCATCACTTAGATTTATTATTCGAATAGAATTAAGAACTCCTGGTAGATTTATTGGCAACGACCAAATTTATAACGTAATTGTTACATCTCATGCATTTATTATAATTTTTTTTATAGTTATACCAATCATAATT"
5,"tpos1",1,335,"CTTATATTTTATTTTTGGTGCTTGATCAGGGATAGTGGGAACTTCTTTAAGAATTCTTATTCGAGCTGAACTTGGTCATGCGGGATCTTTAATCGGAGACGATCAAATTTACAATGTAATTGTTACTGCACACGCCTTTGTAATAATTTTTTTTATAGTTATACCTATTTTAATT"
5,"tpos1",2,331,"CTTATATTTTATTTTTGGTGCTTGATCAGGGATAGTGGGAACTTCTTTAAGAATTCTTATTCGAGCTGAACTTGGTCATGCGGGATCTTTAATCGGAGACGATCAAATTTACAATGTAATTGTTACTGCACACGCCTTTGTAATAATTTTTTTTATAGTTATACCTATTTTAATT"
5,"tpos1",3,356,"CTTATATTTTATTTTTGGTGCTTGATCAGGGATAGTGGGAACTTCTTTAAGAATTCTTATTCGAGCTGAACTTGGTCATGCGGGATCTTTAATCGGAGACGATCAAATTTACAATGTAATTGTTACTGCACACGCCTTTGTAATAATTTTTTTTATAGTTATACCTATTTTAATT"
6,"tpos1",1,3769,"TCTATATTTCATTTTTGGTGCTTGGGCAGGTATGGTAGGTACCTCATTAAGACTTTTAATTCGAGCCGAGTTGGGTAACCCGGGTTCATTAATTGGGGACGATCAAATTTATAACGTAATCGTAACTGCTCATGCCTTTATTATGATTTTTTTTATAGTGATACCTATTATAATT"
6,"tpos1",2,4732,"TCTATATTTCATTTTTGGTGCTTGGGCAGGTATGGTAGGTACCTCATTAAGACTTTTAATTCGAGCCGAGTTGGGTAACCCGGGTTCATTAATTGGGGACGATCAAATTTATAACGTAATCGTAACTGCTCATGCCTTTATTATGATTTTTTTTATAGTGATACCTATTATAATT"
6,"tpos1",3,4464,"TCTATATTTCATTTTTGGTGCTTGGGCAGGTATGGTAGGTACCTCATTAAGACTTTTAATTCGAGCCGAGTTGGGTAACCCGGGTTCATTAATTGGGGACGATCAAATTTATAACGTAATCGTAACTGCTCATGCCTTTATTATGATTTTTTTTATAGTGATACCTATTATAATT"
2264,"tpos1",1,319,"TTTATATTTCATTTTTGGTGCATGATCAGGTATGGTGGGTACTTCCCTTAGTTTATTAATTCGAGCAGAACTTGGTAATCCTGGTTCTTTGATTGGCGATGATCAGATTTATAACGTTATTGTCACTGCCCATGCTTTTATTATGATTTTTTTTATAGTGATACCTATTATAATT"
2264,"tpos1",2,705,"TTTATATTTCATTTTTGGTGCATGATCAGGTATGGTGGGTACTTCCCTTAGTTTATTAATTCGAGCAGAACTTGGTAATCCTGGTTCTTTGATTGGCGATGATCAGATTTATAACGTTATTGTCACTGCCCATGCTTTTATTATGATTTTTTTTATAGTGATACCTATTATAATT"
2264,"tpos1",3,314,"TTTATATTTCATTTTTGGTGCATGATCAGGTATGGTGGGTACTTCCCTTAGTTTATTAATTCGAGCAGAACTTGGTAATCCTGGTTCTTTGATTGGCGATGATCAGATTTATAACGTTATTGTCACTGCCCATGCTTTTATTATGATTTTTTTTATAGTGATACCTATTATAATT"
2310,"tnegtag",2,2,"CCTTTATCTAGTATTCGGTGCTTGGGCAGGTATGGTAGGTACCTCATTAAGACTTTTAATTCGAGCCGAGTTGGGTAACCCGGGTTCATTAATTGGGGACGATCAAATTTATAACGTAATCGTAACTGCTCATGCCTTTATTATGATTTTTTTTATAGTGATACCTATTATAATT"
2310,"tnegtag",3,2,"CCTTTATCTAGTATTCGGTGCTTGGGCAGGTATGGTAGGTACCTCATTAAGACTTTTAATTCGAGCCGAGTTGGGTAACCCGGGTTCATTAATTGGGGACGATCAAATTTATAACGTAATCGTAACTGCTCATGCCTTTATTATGATTTTTTTTATAGTGATACCTATTATAATT"
2312,"tnegtag",2,3,"CCTTTATCTAGTATTCGGTGCTTGGGCTGGGATAGTTGGAACAGCCCTTAGCTTACTAATCCGTGCAGAGCTTAGCCAACCTGGCGCCCTGCTCGGTGACGACCAAGTTTACAACGTGATCGTAACAGCTCATGCTTTCGTAATAATCTTCTTTATAGTAATGCCAATTATGATT"
2312,"tnegtag",3,2,"CCTTTATCTAGTATTCGGTGCTTGGGCTGGGATAGTTGGAACAGCCCTTAGCTTACTAATCCGTGCAGAGCTTAGCCAACCTGGCGCCCTGCTCGGTGACGACCAAGTTTACAACGTGATCGTAACAGCTCATGCTTTCGTAATAATCTTCTTTATAGTAATGCCAATTATGATT"
6339,"tnegtag",2,3,"CTTATATTTTATTTTCGGAGCTTGAGCTGGAATAGTTGGGACTTCCCTTAGTATACTAATTCGAGCTGAATTAGGTCATCCTGGTTCACTTATTGGTGATGATCAAATTTATAATGTAATTGTTACAGCTCATGCTTTTGTAATAATTTTTTTTATAGTTATACCTATTATAATT"
6339,"tnegtag",3,1,"CTTATATTTTATTTTCGGAGCTTGAGCTGGAATAGTTGGGACTTCCCTTAGTATACTAATTCGAGCTGAATTAGGTCATCCTGGTTCACTTATTGGTGATGATCAAATTTATAATGTAATTGTTACAGCTCATGCTTTTGTAATAATTTTTTTTATAGTTATACCTATTATAATT"
2319,"tnegtag",2,6,"TTTATACTTTGTGTTTGGAGCTTGGGCTGGAATAGTCGGCTCCTCTCTAAGGGTTTTAATTCGTCTAGAGTTAGGGCAACCTGGCTCATTAATTGGGGATGATCAGATCTACAATGTAGTTGTGACAGCTCATGCTTTCGTTATAATCTTCTTTATGGTGATACCTTCTATAATT"
2319,"tnegtag",3,2,"TTTATACTTTGTGTTTGGAGCTTGGGCTGGAATAGTCGGCTCCTCTCTAAGGGTTTTAATTCGTCTAGAGTTAGGGCAACCTGGCTCATTAATTGGGGATGATCAGATCTACAATGTAGTTGTGACAGCTCATGCTTTCGTTATAATCTTCTTTATGGTGATACCTTCTATAATT"
2277,"tnegtag",2,57,"TTTATATTTCATTTTTGGTGCATGATCAGGTATGGTGGGTACTTCCCTTAGTTTATTAATTCGAGCAGAACTTGGTAATCCTGGTTCTTTGATTGGTGATGATCAGATTTATAACGTTATTGTCACTGCCCATGCTTTTATTATGATTTTTTTTATAGTGATACCTATTATAATT"
6294,"tnegtag",2,20,"TTTATATTTCATTTTTGGTGCATGATCAGGTATGGTGGGTACTTCCCTTAGTTTATTAATTCGAGCAGAACTTGGTAATCCTGGTTCTTTGATTGGTGATGATCAGATTTATAACGTTATTGTCACTGCCCATGCTTTTATTATGATTTTTTTTATAGTTATACCAATCATAATT"
6294,"tnegtag",3,2,"TTTATATTTCATTTTTGGTGCATGATCAGGTATGGTGGGTACTTCCCTTAGTTTATTAATTCGAGCAGAACTTGGTAATCCTGGTTCTTTGATTGGTGATGATCAGATTTATAACGTTATTGTCACTGCCCATGCTTTTATTATGATTTTTTTTATAGTTATACCAATCATAATT"
2298,"tnegtag",2,27,"TTTATATTTTATTTTTGGAGCCTGAGCTGGAATAGTAGGTACTTCCCTTAGTATACTTATTCGAGCCGAATTAGGACACCCAGGCTCTCTAATTGGAGACGACCAAATTTATAATGTAATTGTTACTGCTCATGCTTTTGTAATAATTTTTTTTATAGTTATACCAATCATAATT"
2298,"tnegtag",3,5,"TTTATATTTTATTTTTGGAGCCTGAGCTGGAATAGTAGGTACTTCCCTTAGTATACTTATTCGAGCCGAATTAGGACACCCAGGCTCTCTAATTGGAGACGACCAAATTTATAATGTAATTGTTACTGCTCATGCTTTTGTAATAATTTTTTTTATAGTTATACCAATCATAATT"
2299,"tnegtag",2,43,"TTTATATTTTATTTTTGGAGCCTGAGCTGGAATAGTAGGTACTTCCCTTAGTATACTTATTCGAGCCGAATTAGGACACCCAGGCTCTCTAATTGGAGACGACCAAATTTATAATGTAATTGTTACTGCTCATGCTTTTGTAATAATTTTTTTTATAGTTATGCCAATTATAATT"
2299,"tnegtag",3,8,"TTTATATTTTATTTTTGGAGCCTGAGCTGGAATAGTAGGTACTTCCCTTAGTATACTTATTCGAGCCGAATTAGGACACCCAGGCTCTCTAATTGGAGACGACCAAATTTATAATGTAATTGTTACTGCTCATGCTTTTGTAATAATTTTTTTTATAGTTATGCCAATTATAATT"
2302,"tnegtag",2,26,"TTTATATTTTATTTTTGGAGCCTGAGCTGGAATAGTGGGTACTTCCCTTAGTATACTTATTCGAGCCGAATTAGGACACCCAGGATCTCTAATTGGAGACGACCAAATTTATAATGTAATTGTTACTGCTCATGCTTTTGTAATAATTTTTTTTATAGTTATACCAATTATAATT"
2302,"tnegtag",3,5,"TTTATATTTTATTTTTGGAGCCTGAGCTGGAATAGTGGGTACTTCCCTTAGTATACTTATTCGAGCCGAATTAGGACACCCAGGATCTCTAATTGGAGACGACCAAATTTATAATGTAATTGTTACTGCTCATGCTTTTGTAATAATTTTTTTTATAGTTATACCAATTATAATT"
3047,"tnegtag",2,4,"TTTATATTTTATTTTTGGTGTTTGAGCCGGAATAATTGGCTTAAGAATAAGCCTGCTAATTCGTTTAGAGCTTGGGGTTTTAGGGCCTTTTCTTGGAGACGAGCATTTGTATAACGTTATTGTTACTGCCCATGCTTTTGTTATAATTTTCTTTATAGTTATACCAATTTCTATA"
3047,"tnegtag",3,1,"TTTATATTTTATTTTTGGTGTTTGAGCCGGAATAATTGGCTTAAGAATAAGCCTGCTAATTCGTTTAGAGCTTGGGGTTTTAGGGCCTTTTCTTGGAGACGAGCATTTGTATAACGTTATTGTTACTGCCCATGCTTTTGTTATAATTTTCTTTATAGTTATACCAATTTCTATA"
3300,"14ben01",2,68,"TCTTTACCTAATTTTTGCTGCAGCTGCTGGAATTGCAGGAACAGTTTTATCATTATATATTAGAGCTACCTTATCTTCTCCTAATTCTAATTTTTTAGAATATAATCATCACTTATACAATGTAATTGTTACTGGGCATGCATTTATTATGATTTTTTTTTTAGTAATGCCTGCTTTAATA"
3300,"14ben01",3,64,"TCTTTACCTAATTTTTGCTGCAGCTGCTGGAATTGCAGGAACAGTTTTATCATTATATATTAGAGCTACCTTATCTTCTCCTAATTCTAATTTTTTAGAATATAATCATCACTTATACAATGTAATTGTTACTGGGCATGCATTTATTATGATTTTTTTTTTAGTAATGCCTGCTTTAATA"
2439,"14ben01",1,253,"TTTATACTTTATCTTAGGAGCTTGGGCTAGTGTTGTTGGCACTTCCATGAGAGTAATTATTCGCTCAGAACTAAGTACACCTGGTAATTTAATCGATGACGACCAACTATATAACGTAATAGTTACCGCTCACGCTTTTGTAATAATTTTTTTTATAGTTATGCCTATTATAATT"
2439,"14ben01",2,155,"TTTATACTTTATCTTAGGAGCTTGGGCTAGTGTTGTTGGCACTTCCATGAGAGTAATTATTCGCTCAGAACTAAGTACACCTGGTAATTTAATCGATGACGACCAACTATATAACGTAATAGTTACCGCTCACGCTTTTGTAATAATTTTTTTTATAGTTATGCCTATTATAATT"
2439,"14ben01",3,267,"TTTATACTTTATCTTAGGAGCTTGGGCTAGTGTTGTTGGCACTTCCATGAGAGTAATTATTCGCTCAGAACTAAGTACACCTGGTAATTTAATCGATGACGACCAACTATATAACGTAATAGTTACCGCTCACGCTTTTGTAATAATTTTTTTTATAGTTATGCCTATTATAATT"
2277,"14ben01",1,7000,"TTTATATTTCATTTTTGGTGCATGATCAGGTATGGTGGGTACTTCCCTTAGTTTATTAATTCGAGCAGAACTTGGTAATCCTGGTTCTTTGATTGGTGATGATCAGATTTATAACGTTATTGTCACTGCCCATGCTTTTATTATGATTTTTTTTATAGTGATACCTATTATAATT"
2277,"14ben01",2,7095,"TTTATATTTCATTTTTGGTGCATGATCAGGTATGGTGGGTACTTCCCTTAGTTTATTAATTCGAGCAGAACTTGGTAATCCTGGTTCTTTGATTGGTGATGATCAGATTTATAACGTTATTGTCACTGCCCATGCTTTTATTATGATTTTTTTTATAGTGATACCTATTATAATT"
2277,"14ben01",3,12897,"TTTATATTTCATTTTTGGTGCATGATCAGGTATGGTGGGTACTTCCCTTAGTTTATTAATTCGAGCAGAACTTGGTAATCCTGGTTCTTTGATTGGTGATGATCAGATTTATAACGTTATTGTCACTGCCCATGCTTTTATTATGATTTTTTTTATAGTGATACCTATTATAATT"
2338,"14ben02",1,122,"ACTATATTTAATTTTTGCTGCAATTTCTGGTGTAGCAGGAACTACGCTTTCATTGTTTATTAGAGCTACATTAGCGACACCAAATTCTGGTGTTTTAGATTATAATTACCATTTGTATAATGTTATAGTTACGGGTCATGCTTTTTTGATGATCTTTTTTTTAGTAATGCCTGCTTTATTG"
2338,"14ben02",2,74,"ACTATATTTAATTTTTGCTGCAATTTCTGGTGTAGCAGGAACTACGCTTTCATTGTTTATTAGAGCTACATTAGCGACACCAAATTCTGGTGTTTTAGATTATAATTACCATTTGTATAATGTTATAGTTACGGGTCATGCTTTTTTGATGATCTTTTTTTTAGTAATGCCTGCTTTATTG"
3107,"14ben02",1,92,"ATTATATTTAATTTTTGGTGCTCTTGCTGGAGTAATTGGAACTCTATTTTCTGTATTAATTAGATTACAATTATCTTACGCTGATTCAACAGTACTTCAAAATAACAGTCAATTATACAATGTTATTGTAACTGCTCACGCATTTGTAATGATATTCTTCCTTGTAATGCCTGTTCTTATT"
3107,"14ben02",3,51,"ATTATATTTAATTTTTGGTGCTCTTGCTGGAGTAATTGGAACTCTATTTTCTGTATTAATTAGATTACAATTATCTTACGCTGATTCAACAGTACTTCAAAATAACAGTCAATTATACAATGTTATTGTAACTGCTCACGCATTTGTAATGATATTCTTCCTTGTAATGCCTGTTCTTATT"
3133,"14ben02",1,93,"ATTGTATGTAATCTTTGGTGCTTTTTCAGGTGTTCTAGGAACCACAATGTCTGTCTTGATCCGATTAGAATTGGCAAATCCAGGTAATCAATTGTTTGCAGGAAATCATCAACTTTATAACGTGATCATTACGGCGCACGCCTTCTTAATGATTTTCTTCATGTTGATGCCAATTTTAATT"
3133,"14ben02",2,49,"ATTGTATGTAATCTTTGGTGCTTTTTCAGGTGTTCTAGGAACCACAATGTCTGTCTTGATCCGATTAGAATTGGCAAATCCAGGTAATCAATTGTTTGCAGGAAATCATCAACTTTATAACGTGATCATTACGGCGCACGCCTTCTTAATGATTTTCTTCATGTTGATGCCAATTTTAATT"
3133,"14ben02",3,72,"ATTGTATGTAATCTTTGGTGCTTTTTCAGGTGTTCTAGGAACCACAATGTCTGTCTTGATCCGATTAGAATTGGCAAATCCAGGTAATCAATTGTTTGCAGGAAATCATCAACTTTATAACGTGATCATTACGGCGCACGCCTTCTTAATGATTTTCTTCATGTTGATGCCAATTTTAATT"
2353,"14ben02",1,52,"TCTATACCTTATTTTCGGCGCAATTTCAGGTATTGCAGGTACCGCTTTATCTCTTTACATTCGAATTACTTTATCTCAACCTAATGGTAATTTTTTAGAATACAATCACCACTTTTATAATGTGATTATAACGGGTCACGCTCTTCTTATGATTTTTTTCATGGTAATGCCAATCTTGATT"
2353,"14ben02",2,33,"TCTATACCTTATTTTCGGCGCAATTTCAGGTATTGCAGGTACCGCTTTATCTCTTTACATTCGAATTACTTTATCTCAACCTAATGGTAATTTTTTAGAATACAATCACCACTTTTATAATGTGATTATAACGGGTCACGCTCTTCTTATGATTTTTTTCATGGTAATGCCAATCTTGATT"
2354,"14ben02",1,69,"TCTATACCTTATTTTCGGCGCAATTTCAGGTATTGCAGGTACCGCTTTATCTCTTTACATTCGAATTACTTTATCTCAACCTAATGGTAATTTTTTAGAATACAATCACCATTTTTATAATGTGATTATAACGGGTCATGCCCTTCTTATGATTTTTTTCATGGTAATGCCAATCTTGATT"
2354,"14ben02",2,33,"TCTATACCTTATTTTCGGCGCAATTTCAGGTATTGCAGGTACCGCTTTATCTCTTTACATTCGAATTACTTTATCTCAACCTAATGGTAATTTTTTAGAATACAATCACCATTTTTATAATGTGATTATAACGGGTCATGCCCTTCTTATGATTTTTTTCATGGTAATGCCAATCTTGATT"
1818,"14ben02",1,73,"TCTATATTTCATTTTTGGTGCTTGGGCAGGTATGGTAGGGACCTCATTAAGACTTTTAATTCGAGCCGAGTTGGGTAACCCGGGTTCATTAATTGGGGACGATCAAATTTATAACGTAATCGTAACTGCTCATGCCTTTATTATGATTTTTTTTATAGTGATACCTATTATAATT"
1818,"14ben02",2,62,"TCTATATTTCATTTTTGGTGCTTGGGCAGGTATGGTAGGGACCTCATTAAGACTTTTAATTCGAGCCGAGTTGGGTAACCCGGGTTCATTAATTGGGGACGATCAAATTTATAACGTAATCGTAACTGCTCATGCCTTTATTATGATTTTTTTTATAGTGATACCTATTATAATT"
1818,"14ben02",3,140,"TCTATATTTCATTTTTGGTGCTTGGGCAGGTATGGTAGGGACCTCATTAAGACTTTTAATTCGAGCCGAGTTGGGTAACCCGGGTTCATTAATTGGGGACGATCAAATTTATAACGTAATCGTAACTGCTCATGCCTTTATTATGATTTTTTTTATAGTGATACCTATTATAATT"
3300,"14ben02",1,143,"TCTTTACCTAATTTTTGCTGCAGCTGCTGGAATTGCAGGAACAGTTTTATCATTATATATTAGAGCTACCTTATCTTCTCCTAATTCTAATTTTTTAGAATATAATCATCACTTATACAATGTAATTGTTACTGGGCATGCATTTATTATGATTTTTTTTTTAGTAATGCCTGCTTTAATA"
3300,"14ben02",2,111,"TCTTTACCTAATTTTTGCTGCAGCTGCTGGAATTGCAGGAACAGTTTTATCATTATATATTAGAGCTACCTTATCTTCTCCTAATTCTAATTTTTTAGAATATAATCATCACTTATACAATGTAATTGTTACTGGGCATGCATTTATTATGATTTTTTTTTTAGTAATGCCTGCTTTAATA"
3300,"14ben02",3,195,"TCTTTACCTAATTTTTGCTGCAGCTGCTGGAATTGCAGGAACAGTTTTATCATTATATATTAGAGCTACCTTATCTTCTCCTAATTCTAATTTTTTAGAATATAATCATCACTTATACAATGTAATTGTTACTGGGCATGCATTTATTATGATTTTTTTTTTAGTAATGCCTGCTTTAATA"
2373,"14ben02",1,2343,"TCTTTACTTAATTTTTGGTGCTATTTCTGGTGTAGCTGGAACTGCTTTATCACTTTACATCAGATTTACATTATCTCAACCAAACTCGAGTTTTTTAGAATATAACCACCATTTATATAATGTAATTGTTACAGGACATGCACTTATAATGGTTTTTTTTGTAGTAATGCCTATTTTAATT"
2373,"14ben02",2,1940,"TCTTTACTTAATTTTTGGTGCTATTTCTGGTGTAGCTGGAACTGCTTTATCACTTTACATCAGATTTACATTATCTCAACCAAACTCGAGTTTTTTAGAATATAACCACCATTTATATAATGTAATTGTTACAGGACATGCACTTATAATGGTTTTTTTTGTAGTAATGCCTATTTTAATT"
2373,"14ben02",3,3503,"TCTTTACTTAATTTTTGGTGCTATTTCTGGTGTAGCTGGAACTGCTTTATCACTTTACATCAGATTTACATTATCTCAACCAAACTCGAGTTTTTTAGAATATAACCACCATTTATATAATGTAATTGTTACAGGACATGCACTTATAATGGTTTTTTTTGTAGTAATGCCTATTTTAATT"
3666,"14ben02",1,222,"TCTTTATTTAATATTTGGTGCCATTGCTGCCGTTGCAGGAACCACTCTTTCGTTATATATTAGAGCTACTTTAGCGGAACCAAATTCAAGTTTTCTAGAATACAATCATCATTTGTATAATGTAATTGTTACAGGACATGCTTTTATTATGGTTTTTTTTGTAGTAATGCCTATTTTAATC"
3666,"14ben02",2,32,"TCTTTATTTAATATTTGGTGCCATTGCTGCCGTTGCAGGAACCACTCTTTCGTTATATATTAGAGCTACTTTAGCGGAACCAAATTCAAGTTTTCTAGAATACAATCATCATTTGTATAATGTAATTGTTACAGGACATGCTTTTATTATGGTTTTTTTTGTAGTAATGCCTATTTTAATC"
3666,"14ben02",3,166,"TCTTTATTTAATATTTGGTGCCATTGCTGCCGTTGCAGGAACCACTCTTTCGTTATATATTAGAGCTACTTTAGCGGAACCAAATTCAAGTTTTCTAGAATACAATCATCATTTGTATAATGTAATTGTTACAGGACATGCTTTTATTATGGTTTTTTTTGTAGTAATGCCTATTTTAATC"
3744,"14ben02",1,65,"TTTATACCTTATCTTTGGAGCAATTTCTGGAATTGCAGGAACTGCTTTATCACTTTATATTCGAATAACTTTATCTCAACCAAATAGTTCGTTTTTAGAATATAACCATCATTTTTATAACGTGATGGTAACAGGTCACGCTCTTTTAATGATTTTTTTCATGGTAATGCCCATTTTAATT"
3744,"14ben02",2,18,"TTTATACCTTATCTTTGGAGCAATTTCTGGAATTGCAGGAACTGCTTTATCACTTTATATTCGAATAACTTTATCTCAACCAAATAGTTCGTTTTTAGAATATAACCATCATTTTTATAACGTGATGGTAACAGGTCACGCTCTTTTAATGATTTTTTTCATGGTAATGCCCATTTTAATT"
3753,"14ben02",1,31,"TTTATACCTTATTTTCGGCGCAATTTCAGGTATTGCAGGTACCGCTTTATCTCTTTACATTCGAATTACTTTATCTCAACCTAATGGTAATTTTTTAGAATACAATCACCATTTTTATAATGTGATTATAACGGGCCACGCCCTTCTTATGATTTTTTTCATGGTAATGCCAATCTTGATT"
3753,"14ben02",2,25,"TTTATACCTTATTTTCGGCGCAATTTCAGGTATTGCAGGTACCGCTTTATCTCTTTACATTCGAATTACTTTATCTCAACCTAATGGTAATTTTTTAGAATACAATCACCATTTTTATAATGTGATTATAACGGGCCACGCCCTTCTTATGATTTTTTTCATGGTAATGCCAATCTTGATT"
3753,"14ben02",3,46,"TTTATACCTTATTTTCGGCGCAATTTCAGGTATTGCAGGTACCGCTTTATCTCTTTACATTCGAATTACTTTATCTCAACCTAATGGTAATTTTTTAGAATACAATCACCATTTTTATAATGTGATTATAACGGGCCACGCCCTTCTTATGATTTTTTTCATGGTAATGCCAATCTTGATT"
3839,"14ben02",1,323,"TTTATACTTATTATTTGCTGTTTTAGCAGGAGTTGTAGGAACATATTTTTCTGCTTTAATCAGAATAGAGTTAGCATATCCTGGTAATGGAATTTTTAACGGTAATTTTCAACTTTATAATGTTGTAGTAACAGCGCATGCTTTTATTATGATTTTCTTTTTAGTAATGCCAGCAATGATT"
3839,"14ben02",2,235,"TTTATACTTATTATTTGCTGTTTTAGCAGGAGTTGTAGGAACATATTTTTCTGCTTTAATCAGAATAGAGTTAGCATATCCTGGTAATGGAATTTTTAACGGTAATTTTCAACTTTATAATGTTGTAGTAACAGCGCATGCTTTTATTATGATTTTCTTTTTAGTAATGCCAGCAATGATT"
3839,"14ben02",3,823,"TTTATACTTATTATTTGCTGTTTTAGCAGGAGTTGTAGGAACATATTTTTCTGCTTTAATCAGAATAGAGTTAGCATATCCTGGTAATGGAATTTTTAACGGTAATTTTCAACTTTATAATGTTGTAGTAACAGCGCATGCTTTTATTATGATTTTCTTTTTAGTAATGCCAGCAATGATT"
2439,"14ben02",1,2118,"TTTATACTTTATCTTAGGAGCTTGGGCTAGTGTTGTTGGCACTTCCATGAGAGTAATTATTCGCTCAGAACTAAGTACACCTGGTAATTTAATCGATGACGACCAACTATATAACGTAATAGTTACCGCTCACGCTTTTGTAATAATTTTTTTTATAGTTATGCCTATTATAATT"
2439,"14ben02",2,1187,"TTTATACTTTATCTTAGGAGCTTGGGCTAGTGTTGTTGGCACTTCCATGAGAGTAATTATTCGCTCAGAACTAAGTACACCTGGTAATTTAATCGATGACGACCAACTATATAACGTAATAGTTACCGCTCACGCTTTTGTAATAATTTTTTTTATAGTTATGCCTATTATAATT"
2439,"14ben02",3,1702,"TTTATACTTTATCTTAGGAGCTTGGGCTAGTGTTGTTGGCACTTCCATGAGAGTAATTATTCGCTCAGAACTAAGTACACCTGGTAATTTAATCGATGACGACCAACTATATAACGTAATAGTTACCGCTCACGCTTTTGTAATAATTTTTTTTATAGTTATGCCTATTATAATT"
4097,"14ben02",2,30,"TTTATACTTTATTTTCGGGGCTTGAGCTGGAATAGTAGGTACATCTCTTAGATTATTAATTCGTGCCGAACTTGGTAATCCCGGCTCACTAATTGGGGATGACCAAATTTATAACGTCATTGTTACGGCGCATGCCTTTATTATAATTTTTTTTATAGTGATACCAATTATAATT"
4097,"14ben02",3,94,"TTTATACTTTATTTTCGGGGCTTGAGCTGGAATAGTAGGTACATCTCTTAGATTATTAATTCGTGCCGAACTTGGTAATCCCGGCTCACTAATTGGGGATGACCAAATTTATAACGTCATTGTTACGGCGCATGCCTTTATTATAATTTTTTTTATAGTGATACCAATTATAATT"
4103,"14ben02",2,71,"TTTATATATCATTTTTGCCGCAATCTCAGGTTTAGTTGGTAGTGCTTTATCTTTTATTATTAGAATGGAATTATCAGCAGGTGGTAAAGTTTATTTATTAGGTAATTATGACCACTATAATGTTATAATTACTGCCCATGGTATTGTTATGATCTTCTTTATGGTTATGCCTGCCCTAATT"
4103,"14ben02",3,135,"TTTATATATCATTTTTGCCGCAATCTCAGGTTTAGTTGGTAGTGCTTTATCTTTTATTATTAGAATGGAATTATCAGCAGGTGGTAAAGTTTATTTATTAGGTAATTATGACCACTATAATGTTATAATTACTGCCCATGGTATTGTTATGATCTTCTTTATGGTTATGCCTGCCCTAATT"
4164,"14ben02",1,355,"TTTATATCTTATCTTTGGAGCAATTTCTGGGATTGCCGGAACTGCTTTATCACTTTACATTCGAATAACTTTATCGCAACCAAATGGAAGTTTTTTAGAGTATAATCATCATATGTATAATGTAATCGTTACTGGTCATGCTTTTGTTATGATTTTTTTTATGGTAATGCCTATCTTAATC"
4164,"14ben02",2,239,"TTTATATCTTATCTTTGGAGCAATTTCTGGGATTGCCGGAACTGCTTTATCACTTTACATTCGAATAACTTTATCGCAACCAAATGGAAGTTTTTTAGAGTATAATCATCATATGTATAATGTAATCGTTACTGGTCATGCTTTTGTTATGATTTTTTTTATGGTAATGCCTATCTTAATC"
4164,"14ben02",3,742,"TTTATATCTTATCTTTGGAGCAATTTCTGGGATTGCCGGAACTGCTTTATCACTTTACATTCGAATAACTTTATCGCAACCAAATGGAAGTTTTTTAGAGTATAATCATCATATGTATAATGTAATCGTTACTGGTCATGCTTTTGTTATGATTTTTTTTATGGTAATGCCTATCTTAATC"
4200,"14ben02",1,83,"TTTATATTTAATTTTTGCGTTAATTGCGGGTATAATAGGTACTTTATTTTCAATAATTATTCGTTTAGAATTAGCATTTCCAGGAGATCAAATTTTAAATGGTAATTATCAATTTTATAATGTAGTAATAACTGCCCATGCTTTTATCATGATTTTTTTTATGGTTATGCCAGCTATGATA"
4200,"14ben02",3,63,"TTTATATTTAATTTTTGCGTTAATTGCGGGTATAATAGGTACTTTATTTTCAATAATTATTCGTTTAGAATTAGCATTTCCAGGAGATCAAATTTTAAATGGTAATTATCAATTTTATAATGTAGTAATAACTGCCCATGCTTTTATCATGATTTTTTTTATGGTTATGCCAGCTATGATA"
2302,"14ben02",1,269,"TTTATATTTTATTTTTGGAGCCTGAGCTGGAATAGTGGGTACTTCCCTTAGTATACTTATTCGAGCCGAATTAGGACACCCAGGATCTCTAATTGGAGACGACCAAATTTATAATGTAATTGTTACTGCTCATGCTTTTGTAATAATTTTTTTTATAGTTATACCAATTATAATT"
2302,"14ben02",2,30,"TTTATATTTTATTTTTGGAGCCTGAGCTGGAATAGTGGGTACTTCCCTTAGTATACTTATTCGAGCCGAATTAGGACACCCAGGATCTCTAATTGGAGACGACCAAATTTATAATGTAATTGTTACTGCTCATGCTTTTGTAATAATTTTTTTTATAGTTATACCAATTATAATT"
2302,"14ben02",3,153,"TTTATATTTTATTTTTGGAGCCTGAGCTGGAATAGTGGGTACTTCCCTTAGTATACTTATTCGAGCCGAATTAGGACACCCAGGATCTCTAATTGGAGACGACCAAATTTATAATGTAATTGTTACTGCTCATGCTTTTGTAATAATTTTTTTTATAGTTATACCAATTATAATT"
4311,"14ben02",1,172,"TTTATATTTTATTTTTGGTATTTGGGCTGGTTTTATTGGTCTTAGAATAAGCCTACTAATTCGTTTAGAATTAGGGGTTATTGGTTCTTTTATTGGTGATGAGCACATCTATAATGTTTTGGTCACAGCTCATGCTTTTGTCATAATTTTTTTTATAGTCATGCCTATTTCTATA"
4311,"14ben02",2,57,"TTTATATTTTATTTTTGGTATTTGGGCTGGTTTTATTGGTCTTAGAATAAGCCTACTAATTCGTTTAGAATTAGGGGTTATTGGTTCTTTTATTGGTGATGAGCACATCTATAATGTTTTGGTCACAGCTCATGCTTTTGTCATAATTTTTTTTATAGTCATGCCTATTTCTATA"
4311,"14ben02",3,70,"TTTATATTTTATTTTTGGTATTTGGGCTGGTTTTATTGGTCTTAGAATAAGCCTACTAATTCGTTTAGAATTAGGGGTTATTGGTTCTTTTATTGGTGATGAGCACATCTATAATGTTTTGGTCACAGCTCATGCTTTTGTCATAATTTTTTTTATAGTCATGCCTATTTCTATA"
3047,"14ben02",1,134,"TTTATATTTTATTTTTGGTGTTTGAGCCGGAATAATTGGCTTAAGAATAAGCCTGCTAATTCGTTTAGAGCTTGGGGTTTTAGGGCCTTTTCTTGGAGACGAGCATTTGTATAACGTTATTGTTACTGCCCATGCTTTTGTTATAATTTTCTTTATAGTTATACCAATTTCTATA"
3047,"14ben02",2,68,"TTTATATTTTATTTTTGGTGTTTGAGCCGGAATAATTGGCTTAAGAATAAGCCTGCTAATTCGTTTAGAGCTTGGGGTTTTAGGGCCTTTTCTTGGAGACGAGCATTTGTATAACGTTATTGTTACTGCCCATGCTTTTGTTATAATTTTCTTTATAGTTATACCAATTTCTATA"
3047,"14ben02",3,198,"TTTATATTTTATTTTTGGTGTTTGAGCCGGAATAATTGGCTTAAGAATAAGCCTGCTAATTCGTTTAGAGCTTGGGGTTTTAGGGCCTTTTCTTGGAGACGAGCATTTGTATAACGTTATTGTTACTGCCCATGCTTTTGTTATAATTTTCTTTATAGTTATACCAATTTCTATA"
